x,y
0,3.388888888888889
0,4.842105263157895
0,12.047619047619047
0,12.333333333333334
0,17.235294117647058
0,19.3125
0,20.523809523809526
0,20.761904761904763
0,22.75
0,24.11111111111111
0.0,25
0.0,27
0,28.1875
0,29.11111111111111
0,29.666666666666668
0,30.285714285714285
0,31.473684210526315
0,32.5
0,34.44444444444444
0,35.8125
0,36.333333333333336
0,36.44444444444444
0,36.666666666666664
0,37.125
0,38.5
0,39.333333333333336
0,39.61904761904762
0,40.473684210526315
0,40.63157894736842
0,41.611111111111114
0.0,42
0,42.294117647058826
0,42.76470588235294
0,43.529411764705884
0,44.94444444444444
0.0,46
0,47.05882352941177
0,48.05882352941177
0,48.411764705882355
0,49.375
0.058823529411764705,11
0.11764705882352941,49
0.17647058823529413,7
0.17647058823529413,18
0.23529411764705882,20
0.23529411764705882,25
0.29411764705882354,16
0.29411764705882354,22
0.29411764705882354,26
0.35294117647058826,12
0.35294117647058826,13
0.4117647058823529,24
0.4117647058823529,25
0.4117647058823529,27
0.4117647058823529,43
0.47058823529411764,26
0.5294117647058824,13
0.5882352941176471,24
0.5882352941176471,29
0.5882352941176471,30
0.5882352941176471,31
0.6470588235294118,12
0.6470588235294118,21
0.6470588235294118,27
0.7058823529411765,18
0.7058823529411765,38
0.7058823529411765,46
0.7647058823529411,17
0.7647058823529411,19
0.7647058823529411,35
0.7647058823529411,47
0.8235294117647058,22
0.8235294117647058,36
0.8235294117647058,45
0.8235294117647058,48
0.8823529411764706,34
0.8823529411764706,37
0.8823529411764706,44
0.9411764705882353,40
0.9411764705882353,41
1,11.857142857142858
1,17.41176470588235
1,17.88235294117647
1,19.3125
1,20.428571428571427
1,21.705882352941178
1,22.3125
1,23.57894736842105
1.0,24
1,24.444444444444443
1,24.944444444444443
1,25.75
1,26.94736842105263
1,27.941176470588236
1,28.25
1.0,29
1,29.555555555555557
1,30.238095238095237
1,31.105263157894736
1,31.42105263157895
1.0,33
1,34.27777777777778
1,34.666666666666664
1,35.625
1,36.407407407407405
1,37.25
1,38.375
1,38.5625
1,39.476190476190474
1,39.61904761904762
1,40.36842105263158
1,41.5
1,42.705882352941174
1,43.529411764705884
1,44.22222222222222
1,44.833333333333336
1,45.94117647058823
1,46.888888888888886
1,47.1764705882353
1,48.05882352941177
1,49.1875
1,49.5
1.0526315789473684,39
1.1052631578947367,49
1.1578947368421053,29
1.1578947368421053,45
1.263157894736842,7
1.263157894736842,18
1.263157894736842,44
1.3157894736842106,21
1.3157894736842106,24
1.3157894736842106,43
1.3157894736842106,46
1.368421052631579,11
1.368421052631579,23
1.368421052631579,50
1.4736842105263157,12
1.4736842105263157,30
1.4736842105263157,39
1.4736842105263157,46
1.526315789473684,13
1.526315789473684,22
1.5789473684210527,11
1.5789473684210527,25
1.5789473684210527,28
1.5789473684210527,38
1.631578947368421,19
1.631578947368421,20
1.631578947368421,29
1.6842105263157894,18
1.6842105263157894,26
1.6842105263157894,32
1.736842105263158,21
1.736842105263158,41
1.7894736842105263,31
1.7894736842105263,36
1.7894736842105263,42
1.7894736842105263,44
1.8421052631578947,25
1.8947368421052633,32
1.8947368421052633,33
1.9473684210526314,40
2,4.7894736842105265
2,5.705882352941177
2,12.19047619047619
2,18.25
2,19.5625
2,20.523809523809526
2,21.11764705882353
2,22.8125
2,23.526315789473685
2,23.94736842105263
2,24.38888888888889
2,25.125
2,25.6875
2,26.05263157894737
2,26.94736842105263
2,28.25
2,29.11111111111111
2,30.19047619047619
2,31.210526315789473
2,33.1875
2,34.611111111111114
2,35.6875
2,36.44444444444444
2,37.375
2,38.4375
2,39.333333333333336
2,39.61904761904762
2,40.421052631578945
2,40.578947368421055
2,41.5
2,42.705882352941174
2.0,43
2,43.588235294117645
2,43.76470588235294
2,44.833333333333336
2,46.166666666666664
2,47.23529411764706
2,48.05882352941177
2,49.3125
2.05,37
2.05,38
2.05,47
2.15,15
2.15,29
2.15,39
2.15,45
2.15,49
2.2,44
2.25,41
2.3,21
2.3,29
2.3,42
2.3,45
2.35,18
2.35,20
2.35,22
2.35,24
2.35,25
2.35,36
2.35,50
2.4,19
2.45,12
2.45,34
2.5,26
2.55,27
2.55,33
2.55,44
2.6,13
2.6,18
2.65,28
2.65,30
2.65,37
2.65,45
2.7,36
2.7,44
2.75,32
2.75,47
2.75,48
2.8,21
2.8,24
2.8,25
2.8,39
2.8,43
2.85,41
2.9,33
2.9,46
2.95,29
2.95,31
2.95,37
3,5.294117647058823
3,5.470588235294118
3,12.19047619047619
3,12.952380952380953
3,13.705882352941176
3,17.823529411764707
3,18.1875
3,18.625
3,19.5
3,20.38095238095238
3,21.235294117647058
3,22.0625
3,26.526315789473685
3,26.894736842105264
3,27.941176470588236
3,29.166666666666668
3,30.19047619047619
3,31.894736842105264
3,32.27777777777778
3,35.5625
3,35.8125
3,36.111111111111114
3,36.592592592592595
3,37.4375
3.0,38
3,38.375
3,39.57142857142857
3.0,40
3,41.55555555555556
3,42.588235294117645
3,43.411764705882355
3,44.05555555555556
3,44.72222222222222
3,46.333333333333336
3,47.23529411764706
3,47.94117647058823
3,48.23529411764706
3,49.3125
3.0526315789473686,3
3.0526315789473686,36
3.1578947368421053,47
3.2105263157894735,6
3.2105263157894735,12
3.2105263157894735,18
3.263157894736842,19
3.263157894736842,27
3.3157894736842106,7
3.3157894736842106,20
3.3157894736842106,22
3.3157894736842106,49
3.3684210526315788,28
3.3684210526315788,29
3.4210526315789473,13
3.4210526315789473,21
3.4210526315789473,25
3.4210526315789473,40
3.473684210526316,14
3.473684210526316,24
3.473684210526316,31
3.473684210526316,45
3.526315789473684,28
3.526315789473684,32
3.526315789473684,33
3.526315789473684,34
3.526315789473684,37
3.5789473684210527,30
3.5789473684210527,36
3.5789473684210527,38
3.5789473684210527,39
3.6315789473684212,15
3.6842105263157894,12
3.6842105263157894,18
3.6842105263157894,19
3.6842105263157894,40
3.6842105263157894,46
3.736842105263158,28
3.736842105263158,43
3.7894736842105265,22
3.7894736842105265,41
3.7894736842105265,48
3.8421052631578947,44
3.8421052631578947,45
3.8421052631578947,46
3.8421052631578947,47
3.9473684210526314,6
4,2.625
4,5.529411764705882
4,5.705882352941177
4,6.294117647058823
4,12.238095238095237
4,13.058823529411764
4,19.4375
4,20.428571428571427
4,21.11764705882353
4,21.647058823529413
4,21.823529411764707
4,22.4375
4,25.125
4,26.68421052631579
4,26.842105263157894
4.0,27
4,27.764705882352942
4,27.941176470588236
4,29.11111111111111
4,29.5
4,30.095238095238095
4,30.428571428571427
4,31.105263157894736
4,31.894736842105264
4,32.55555555555556
4,32.72222222222222
4,35.125
4,36.407407407407405
4,36.55555555555556
4,36.81481481481482
4,38.125
4,39.285714285714285
4,39.80952380952381
4,40.36842105263158
4.0,41
4,41.27777777777778
4,41.5
4.0,44
4,44.666666666666664
4,45.11764705882353
4,45.88235294117647
4,46.388888888888886
4,47.11764705882353
4,47.94117647058823
4,49.125
4.0588235294117645,33
4.117647058823529,22
4.176470588235294,38
4.176470588235294,39
4.176470588235294,46
4.176470588235294,49
4.235294117647059,48
4.294117647058823,13
4.294117647058823,20
4.294117647058823,23
4.294117647058823,32
4.294117647058823,45
4.294117647058823,50
4.352941176470588,1
4.352941176470588,21
4.352941176470588,25
4.352941176470588,37
4.411764705882353,6
4.411764705882353,12
4.411764705882353,19
4.470588235294118,13
4.470588235294118,18
4.529411764705882,17
4.588235294117647,34
4.647058823529412,21
4.647058823529412,22
4.705882352941177,28
4.705882352941177,29
4.705882352941177,30
4.764705882352941,17
4.764705882352941,27
4.764705882352941,31
4.764705882352941,38
4.764705882352941,41
4.823529411764706,24
4.823529411764706,37
4.823529411764706,47
4.882352941176471,25
4.9411764705882355,40
4.9411764705882355,45
4.9411764705882355,46
5,1.125
5,5.411764705882353
5,17.88235294117647
5,19.375
5,20.333333333333332
5,21.294117647058822
5,22.4375
5,23.42105263157895
5,24.61111111111111
5,26.157894736842106
5.0,27
5,27.764705882352942
5,28.1875
5,28.5625
5,29.38888888888889
5,30.095238095238095
5,31.05263157894737
5,32.22222222222222
5,32.94444444444444
5,34.111111111111114
5,34.5
5,35.25
5,35.8125
5,36.18518518518518
5,36.55555555555556
5,36.851851851851855
5,38.3125
5,39.333333333333336
5,40.1578947368421
5,40.63157894736842
5,41.333333333333336
5,42.64705882352941
5,43.11764705882353
5,43.294117647058826
5,43.64705882352941
5,44.666666666666664
5,45.64705882352941
5,45.8235294117647
5,46.77777777777778
5,47.76470588235294
5,48.88235294117647
5,49.6875
5.0588235294117645,44
5.0588235294117645,48
5.0588235294117645,50
5.117647058823529,39
5.176470588235294,14
5.176470588235294,46
5.235294117647059,7
5.235294117647059,12
5.235294117647059,13
5.294117647058823,17
5.294117647058823,47
5.294117647058823,49
5.352941176470588,22
5.352941176470588,27
5.529411764705882,20
5.529411764705882,36
5.647058823529412,12
5.647058823529412,18
5.705882352941177,19
5.705882352941177,28
5.705882352941177,34
5.705882352941177,38
5.764705882352941,13
5.764705882352941,14
5.764705882352941,42
5.823529411764706,18
5.823529411764706,27
5.823529411764706,29
5.823529411764706,44
5.823529411764706,47
5.882352941176471,23
5.882352941176471,33
5.882352941176471,37
5.9411764705882355,32
5.9411764705882355,40
6,12.857142857142858
6,16.27777777777778
6,17.58823529411765
6.0,18
6,18.4375
6,19.1875
6,20.285714285714285
6,21.11764705882353
6,22.4375
6,23.526315789473685
6,23.894736842105264
6,24.666666666666668
6,24.833333333333332
6.0,25
6,25.5625
6,26.63157894736842
6,27.11764705882353
6,28.125
6,28.9375
6,29.22222222222222
6,30.095238095238095
6.0,31
6,33.3125
6,34.111111111111114
6,35.1875
6,35.625
6,36.22222222222222
6,36.44444444444444
6,37.25
6,38.3125
6.0,39
6,39.333333333333336
6,40.1578947368421
6,41.333333333333336
6,42.470588235294116
6,43.411764705882355
6,43.64705882352941
6,44.55555555555556
6,45.64705882352941
6,45.88235294117647
6,46.72222222222222
6.0,47
6,47.76470588235294
6,48.05882352941177
6,48.94117647058823
6.0625,37
6.1875,36
6.1875,41
6.1875,43
6.1875,48
6.1875,49
6.1875,50
6.25,17
6.25,34
6.25,38
6.375,44
6.5,21
6.5,34
6.5,46
6.5625,13
6.625,16
6.625,18
6.625,19
6.625,27
6.6875,22
6.6875,41
6.75,17
6.75,25
6.75,28
6.75,30
6.875,20
6.875,24
6.875,26
7,13.352941176470589
7,16.055555555555557
7,16.444444444444443
7,17.058823529411764
7,17.941176470588236
7,19.25
7,20.428571428571427
7,21.41176470588235
7,22.375
7,23.526315789473685
7,24.38888888888889
7,24.72222222222222
7,25.5
7,26.473684210526315
7,26.894736842105264
7,27.941176470588236
7,28.9375
7,30.142857142857142
7.0,31
7,31.894736842105264
7,32.05555555555556
7,33.0625
7,34.111111111111114
7,34.333333333333336
7,35.625
7.0,36
7,36.18518518518518
7,36.370370370370374
7,37.0625
7,38.3125
7.0,39
7,39.19047619047619
7,39.38095238095238
7.0,40
7,40.473684210526315
7,41.22222222222222
7,42.294117647058826
7,43.05882352941177
7,43.705882352941174
7,44.333333333333336
7,44.666666666666664
7,44.833333333333336
7,45.705882352941174
7,46.55555555555556
7,47.76470588235294
7,49.0625
7.04,21
7.04,38
7.08,44
7.12,37
7.12,43
7.2,48
7.24,37
7.24,49
7.28,13
7.28,14
7.28,32
7.28,46
7.32,40
7.32,41
7.44,25
7.48,18
7.48,20
7.48,21
7.48,23
7.52,17
7.52,31
7.52,32
7.5600000000000005,19
7.5600000000000005,29
7.6,14
7.6,28
7.64,17
7.64,21
7.64,22
7.64,32
7.68,33
7.68,34
7.68,36
7.68,37
7.76,31
7.8,18
7.8,30
7.8,32
7.8,40
7.84,34
7.84,41
7.88,29
7.88,37
7.88,38
7.88,39
7.88,47
7.92,28
7.92,48
7.96,33
8,7.3125
8,17.11764705882353
8,20.571428571428573
8,20.80952380952381
8,30.19047619047619
8,30.761904761904763
8,32.666666666666664
8,33.8125
8,35.875
8,36.2962962962963
8,36.51851851851852
8,36.851851851851855
8,37.1875
8,37.8125
8,38.25
8,40.05263157894737
8,40.21052631578947
8,40.526315789473685
8,41.388888888888886
8,43.05882352941177
8,43.76470588235294
8,44.44444444444444
8,45.588235294117645
8,47.8235294117647
8.0,49
8.047619047619047,5
8.047619047619047,44
8.095238095238095,10
8.142857142857142,17
8.142857142857142,47
8.142857142857142,48
8.19047619047619,11
8.238095238095237,15
8.285714285714286,14
8.333333333333334,16
8.333333333333334,17
8.333333333333334,18
8.333333333333334,28
8.333333333333334,38
8.380952380952381,21
8.380952380952381,22
8.428571428571429,19
8.428571428571429,25
8.523809523809524,26
8.571428571428571,27
8.571428571428571,30
8.619047619047619,23
8.619047619047619,28
8.666666666666666,29
8.714285714285714,48
8.761904761904763,31
8.761904761904763,32
8.761904761904763,44
8.761904761904763,47
8.80952380952381,35
8.80952380952381,50
8.857142857142858,33
8.857142857142858,36
8.857142857142858,37
8.857142857142858,41
8.857142857142858,45
8.857142857142858,46
8.857142857142858,49
8.904761904761905,13
8.904761904761905,34
9,14.473684210526315
9,14.789473684210526
9,15.68421052631579
9,16.11111111111111
9,16.61111111111111
9,16.833333333333332
9.0,17
9,17.176470588235293
9,17.41176470588235
9,17.88235294117647
9,18.6875
9,19.3125
9,20.047619047619047
9,20.333333333333332
9,20.904761904761905
9,24.5
9,26.842105263157894
9,27.823529411764707
9,29.72222222222222
9,30.761904761904763
9,31.157894736842106
9,31.736842105263158
9,32.833333333333336
9,35.0625
9,36.148148148148145
9,36.96296296296296
9,38.0625
9,39.095238095238095
9,39.333333333333336
9,40.05263157894737
9,40.89473684210526
9,41.333333333333336
9.0,42
9,42.411764705882355
9,43.294117647058826
9,43.470588235294116
9,44.166666666666664
9,46.27777777777778
9,46.888888888888886
9,47.705882352941174
9,48.76470588235294
9,49.1875
9.0,50
9.095238095238095,19
9.095238095238095,29
9.095238095238095,43
9.142857142857142,21
9.142857142857142,28
9.19047619047619,22
9.19047619047619,34
9.285714285714286,18
9.285714285714286,29
9.285714285714286,30
9.333333333333334,32
9.333333333333334,34
9.333333333333334,40
9.380952380952381,31
9.428571428571429,15
9.428571428571429,33
9.428571428571429,42
9.428571428571429,43
9.476190476190476,14
9.476190476190476,16
9.476190476190476,41
9.523809523809524,19
9.523809523809524,20
9.523809523809524,21
9.523809523809524,44
9.523809523809524,48
9.619047619047619,22
9.619047619047619,31
9.619047619047619,34
9.619047619047619,36
9.619047619047619,49
9.666666666666666,35
9.714285714285714,30
9.761904761904763,41
9.80952380952381,15
9.80952380952381,42
9.80952380952381,50
9.857142857142858,14
9.857142857142858,16
9.857142857142858,38
9.904761904761905,40
9.952380952380953,50
10,16.72222222222222
10,17.823529411764707
10,18.8125
10,20.095238095238095
10,20.285714285714285
10,20.80952380952381
10,21.764705882352942
10,29.88888888888889
10,30.904761904761905
10,31.473684210526315
10,31.94736842105263
10,32.55555555555556
10,32.888888888888886
10,34.166666666666664
10,35.375
10,36.074074074074076
10,36.96296296296296
10,37.75
10,39.476190476190474
10,40.31578947368421
10,42.529411764705884
10.0,43
10,43.294117647058826
10,43.705882352941174
10,45.411764705882355
10,45.64705882352941
10,46.666666666666664
10,47.588235294117645
10.0625,22
10.0625,49
10.125,21
10.125,24
10.125,44
10.1875,17
10.1875,19
10.1875,29
10.25,23
10.25,25
10.3125,36
10.3125,46
10.375,29
10.375,30
10.375,44
10.4375,20
10.4375,22
10.4375,31
10.4375,32
10.4375,34
10.5,26
10.5,35
10.5,42
10.5,43
10.5625,27
10.5625,29
10.5625,40
10.5625,47
10.625,24
10.625,30
10.625,31
10.625,33
10.6875,38
10.6875,41
10.6875,50
10.875,37
10.875,39
10.875,44
10.9375,34
10.9375,42
11,0.2222222222222222
11,0.6111111111111112
11,14.68421052631579
11,16.88888888888889
11,18.0625
11,20.38095238095238
11,27.529411764705884
11,29.833333333333332
11,30.19047619047619
11,30.952380952380953
11,33.1875
11,36.370370370370374
11,37.6875
11,38.1875
11,38.4375
11,38.8125
11,39.42857142857143
11,40.94736842105263
11,43.1764705882353
11,43.470588235294116
11,44.166666666666664
11,44.611111111111114
11.0,45
11,45.23529411764706
11,45.705882352941174
11,45.94117647058823
11,46.44444444444444
11,47.529411764705884
11,48.705882352941174
11,48.94117647058823
11.08695652173913,50
11.130434782608695,19
11.130434782608695,27
11.173913043478262,21
11.26086956521739,20
11.304347826086957,18
11.304347826086957,19
11.347826086956522,21
11.347826086956522,22
11.347826086956522,33
11.347826086956522,36
11.391304347826088,20
11.391304347826088,26
11.391304347826088,32
11.391304347826088,37
11.391304347826088,45
11.434782608695652,23
11.434782608695652,31
11.434782608695652,39
11.434782608695652,43
11.478260869565217,27
11.478260869565217,28
11.478260869565217,29
11.478260869565217,30
11.478260869565217,41
11.521739130434783,34
11.521739130434783,35
11.521739130434783,38
11.565217391304348,25
11.565217391304348,44
11.565217391304348,48
11.608695652173914,33
11.608695652173914,40
11.608695652173914,49
11.652173913043478,41
11.695652173913043,36
11.695652173913043,37
11.695652173913043,42
11.73913043478261,39
11.73913043478261,47
11.782608695652174,40
11.782608695652174,43
11.782608695652174,50
11.826086956521738,21
11.826086956521738,46
11.869565217391305,25
11.91304347826087,20
11.91304347826087,44
11.956521739130435,27
11.956521739130435,31
12,0.4444444444444444
12,0.8888888888888888
12,3.8333333333333335
12,4.684210526315789
12,16.666666666666668
12,17.529411764705884
12,20.714285714285715
12,23.105263157894736
12,25.4375
12,26.31578947368421
12,26.68421052631579
12,27.470588235294116
12,28.625
12.0,29
12,29.88888888888889
12,30.80952380952381
12,31.210526315789473
12,31.42105263157895
12,32.05555555555556
12,32.44444444444444
12,32.77777777777778
12,32.94444444444444
12,33.125
12,33.75
12,33.9375
12,34.22222222222222
12,34.72222222222222
12,35.4375
12,36.148148148148145
12,36.7037037037037
12,37.0625
12,37.625
12,38.9375
12,39.42857142857143
12.0,40
12,41.44444444444444
12,41.833333333333336
12,42.294117647058826
12,43.23529411764706
12,44.44444444444444
12,45.588235294117645
12,46.166666666666664
12,46.44444444444444
12,47.64705882352941
12,48.411764705882355
12.130434782608695,18
12.130434782608695,38
12.130434782608695,46
12.173913043478262,37
12.173913043478262,43
12.217391304347826,17
12.217391304347826,25
12.217391304347826,39
12.217391304347826,44
12.217391304347826,45
12.26086956521739,20
12.26086956521739,22
12.26086956521739,35
12.304347826086957,26
12.304347826086957,28
12.304347826086957,36
12.304347826086957,42
12.347826086956522,19
12.347826086956522,27
12.347826086956522,29
12.347826086956522,41
12.391304347826088,23
12.391304347826088,30
12.391304347826088,32
12.391304347826088,39
12.391304347826088,40
12.434782608695652,21
12.434782608695652,34
12.478260869565217,37
12.478260869565217,42
12.521739130434783,18
12.521739130434783,38
12.521739130434783,41
12.565217391304348,50
12.608695652173914,43
12.608695652173914,48
12.652173913043478,11
12.652173913043478,40
12.695652173913043,23
12.695652173913043,28
12.695652173913043,44
12.695652173913043,47
12.73913043478261,16
12.73913043478261,25
12.826086956521738,18
12.826086956521738,19
12.826086956521738,20
12.826086956521738,24
12.826086956521738,30
12.826086956521738,37
12.869565217391305,21
12.869565217391305,22
12.869565217391305,27
12.869565217391305,31
12.91304347826087,33
13,16.77777777777778
13,19.0625
13,19.9375
13,20.38095238095238
13,21.058823529411764
13.0,22
13,23.36842105263158
13,24.055555555555557
13,25.25
13,26.210526315789473
13,26.57894736842105
13,27.58823529411765
13,28.5625
13,28.9375
13,29.555555555555557
13.0,30
13,30.714285714285715
13,31.68421052631579
13,32.77777777777778
13,33.875
13,34.05555555555556
13,34.22222222222222
13,34.833333333333336
13,35.1875
13,36.074074074074076
13,36.81481481481482
13,37.625
13.0,40
13,40.8421052631579
13,41.77777777777778
13,42.35294117647059
13,43.23529411764706
13,44.166666666666664
13,45.529411764705884
13.0,46
13,46.333333333333336
13,48.64705882352941
13.035714285714286,35
13.035714285714286,43
13.035714285714286,45
13.071428571428571,32
13.071428571428571,38
13.071428571428571,39
13.071428571428571,47
13.107142857142858,34
13.107142857142858,42
13.107142857142858,44
13.142857142857142,24
13.142857142857142,30
13.142857142857142,31
13.142857142857142,33
13.178571428571429,41
13.178571428571429,50
13.214285714285714,37
13.214285714285714,38
13.214285714285714,43
13.285714285714286,41
13.285714285714286,46
13.357142857142858,42
13.357142857142858,50
13.392857142857142,18
13.392857142857142,19
13.392857142857142,36
13.428571428571429,23
13.428571428571429,30
13.428571428571429,32
13.464285714285714,20
13.464285714285714,22
13.464285714285714,24
13.464285714285714,31
13.464285714285714,34
13.5,19
13.5,25
13.5,43
13.5,47
13.535714285714286,14
13.535714285714286,21
13.571428571428571,16
13.571428571428571,36
13.607142857142858,20
13.642857142857142,31
13.642857142857142,32
13.642857142857142,37
13.678571428571429,15
13.678571428571429,26
13.678571428571429,28
13.714285714285714,35
13.75,23
13.785714285714286,25
13.785714285714286,34
13.785714285714286,46
13.821428571428571,33
13.821428571428571,38
13.821428571428571,39
13.857142857142858,30
13.857142857142858,40
13.857142857142858,41
13.857142857142858,42
13.857142857142858,47
13.892857142857142,43
13.892857142857142,44
13.928571428571429,32
14,1.5625
14,13.176470588235293
14,13.764705882352942
14,16.11111111111111
14,28.875
14,34.166666666666664
14,36.18518518518518
14,36.7037037037037
14.0,37
14,37.6875
14,38.25
14,39.142857142857146
14,40.421052631578945
14,42.11764705882353
14,44.388888888888886
14,45.64705882352941
14,46.5
14,47.411764705882355
14,49.8125
14.125,45
14.125,50
14.3125,16
14.3125,25
14.375,23
14.4375,32
14.5,37
14.5625,38
14.625,26
14.625,31
14.625,47
14.6875,37
14.8125,20
14.8125,24
14.8125,35
14.8125,36
14.875,33
14.875,38
14.9375,41
14.9375,44
15,13.470588235294118
15,15.526315789473685
15,16.555555555555557
15.0,20
15,24.88888888888889
15,26.263157894736842
15,27.41176470588235
15,28.625
15,29.944444444444443
15,30.666666666666668
15,31.36842105263158
15,31.68421052631579
15.0,32
15,32.77777777777778
15,33.5625
15,33.9375
15,34.666666666666664
15,34.833333333333336
15,35.3125
15,36.111111111111114
15,36.629629629629626
15,36.888888888888886
15,37.8125
15,38.875
15,39.142857142857146
15,39.95238095238095
15,40.8421052631579
15.0,42
15,42.88235294117647
15,43.11764705882353
15,44.27777777777778
15.0,45
15,45.529411764705884
15,46.5
15,47.1764705882353
15.0,50
15.105263157894736,37
15.157894736842104,17
15.157894736842104,45
15.210526315789474,25
15.263157894736842,26
15.263157894736842,28
15.263157894736842,29
15.263157894736842,34
15.31578947368421,30
15.31578947368421,42
15.368421052631579,33
15.368421052631579,46
15.421052631578947,31
15.421052631578947,36
15.526315789473685,35
15.526315789473685,38
15.526315789473685,40
15.578947368421053,44
15.68421052631579,46
15.736842105263158,45
15.789473684210526,39
15.789473684210526,41
15.789473684210526,42
15.789473684210526,47
15.894736842105264,30
15.894736842105264,43
15.947368421052632,34
16,0.3888888888888889
16,2.625
16,4.2105263157894735
16,18.3125
16,18.9375
16.0,22
16,34.55555555555556
16.0,35
16,36.592592592592595
16,37.9375
16,38.8125
16,40.78947368421053
16.0,41
16,41.888888888888886
16,44.166666666666664
16,44.94444444444444
16,46.22222222222222
16,47.294117647058826
16.0,50
16.11764705882353,40
16.176470588235293,39
16.294117647058822,17
16.352941176470587,25
16.352941176470587,45
16.352941176470587,47
16.41176470588235,19
16.41176470588235,27
16.41176470588235,31
16.41176470588235,44
16.470588235294116,29
16.529411764705884,30
16.58823529411765,19
16.58823529411765,34
16.58823529411765,37
16.647058823529413,35
16.647058823529413,38
16.647058823529413,40
16.823529411764707,31
16.823529411764707,36
16.823529411764707,39
16.823529411764707,41
16.88235294117647,35
16.88235294117647,47
16.941176470588236,40
17,0.5
17,3.2222222222222223
17,29.27777777777778
17,30.952380952380953
17,31.473684210526315
17,32.27777777777778
17,32.833333333333336
17,33.375
17,33.875
17,34.611111111111114
17,35.8125
17,36.629629629629626
17,36.888888888888886
17,37.4375
17,37.9375
17,38.5625
17,39.04761904761905
17,40.94736842105263
17,41.72222222222222
17.0,42
17.0,43
17,44.166666666666664
17,45.11764705882353
17,46.333333333333336
17,47.23529411764706
17.0625,32
17.125,2
17.125,37
17.125,40
17.1875,3
17.1875,11
17.25,18
17.25,44
17.25,47
17.3125,46
17.4375,19
17.4375,27
17.5625,12
17.5625,50
17.625,16
17.6875,28
17.75,26
17.8125,29
17.8125,38
17.875,36
17.9375,35
18,4.2631578947368425
18,24.22222222222222
18,26.105263157894736
18,27.294117647058822
18,28.375
18.0,29
18,29.666666666666668
18,29.833333333333332
18,30.761904761904763
18,31.36842105263158
18,31.736842105263158
18,32.55555555555556
18,32.72222222222222
18,33.75
18,34.77777777777778
18,36.666666666666664
18,36.77777777777778
18,37.5625
18,38.625
18.0,39
18.0,41
18,41.666666666666664
18.0,42
18,43.11764705882353
18,45.23529411764706
18,46.22222222222222
18,47.470588235294116
18,47.705882352941174
18.0,48
18,48.1764705882353
18,48.470588235294116
18,49.6875
18.055555555555557,49
18.11111111111111,44
18.166666666666668,37
18.166666666666668,40
18.166666666666668,45
18.22222222222222,50
18.27777777777778,21
18.27777777777778,35
18.27777777777778,47
18.333333333333332,22
18.333333333333332,23
18.333333333333332,39
18.333333333333332,46
18.38888888888889,40
18.5,38
18.72222222222222,17
18.72222222222222,42
18.77777777777778,16
18.833333333333332,23
18.833333333333332,41
18.88888888888889,20
18.88888888888889,29
19,17.647058823529413
19,18.5625
19,21.41176470588235
19,21.941176470588236
19,22.625
19,24.11111111111111
19.0,25
19,26.157894736842106
19.0,27
19,27.41176470588235
19,28.4375
19,29.333333333333332
19,30.523809523809526
19.0,31
19,31.157894736842106
19,32.44444444444444
19,32.833333333333336
19,33.375
19,33.8125
19,37.625
19,39.142857142857146
19,40.526315789473685
19,41.611111111111114
19,42.11764705882353
19,42.76470588235294
19,43.8235294117647
19,44.111111111111114
19.0,45
19,46.333333333333336
19,46.888888888888886
19,47.588235294117645
19,48.1764705882353
19.045454545454547,26
19.136363636363637,44
19.181818181818183,13
19.181818181818183,36
19.227272727272727,14
19.227272727272727,24
19.227272727272727,28
19.227272727272727,32
19.227272727272727,39
19.227272727272727,50
19.272727272727273,34
19.272727272727273,35
19.272727272727273,41
19.363636363636363,16
19.363636363636363,40
19.363636363636363,42
19.363636363636363,45
19.363636363636363,46
19.363636363636363,47
19.363636363636363,48
19.40909090909091,15
19.40909090909091,19
19.40909090909091,21
19.40909090909091,24
19.40909090909091,31
19.40909090909091,44
19.454545454545453,23
19.454545454545453,25
19.454545454545453,43
19.5,26
19.5,32
19.545454545454547,20
19.545454545454547,28
19.59090909090909,29
19.59090909090909,35
19.681818181818183,34
19.681818181818183,36
19.727272727272727,40
19.772727272727273,30
19.772727272727273,39
19.818181818181817,31
19.818181818181817,35
19.818181818181817,41
19.818181818181817,44
19.863636363636363,40
19.90909090909091,28
19.90909090909091,48
19.954545454545453,45
20,16.22222222222222
20,17.470588235294116
20,25.0625
20,26.42105263157895
20,28.25
20,29.555555555555557
20,30.142857142857142
20,30.666666666666668
20,31.42105263157895
20,33.8125
20,34.5
20,35.0625
20,36.666666666666664
20,37.75
20,38.625
20,39.142857142857146
20,39.61904761904762
20,39.904761904761905
20,40.473684210526315
20,41.22222222222222
20,41.77777777777778
20,42.88235294117647
20,43.88235294117647
20,45.1764705882353
20.0,46
20,46.22222222222222
20,47.1764705882353
20,48.1764705882353
20,48.588235294117645
20,49.8125
20.08695652173913,15
20.130434782608695,47
20.17391304347826,30
20.17391304347826,41
20.17391304347826,42
20.17391304347826,45
20.217391304347824,17
20.217391304347824,29
20.217391304347824,39
20.26086956521739,25
20.26086956521739,35
20.304347826086957,26
20.347826086956523,22
20.347826086956523,23
20.347826086956523,31
20.391304347826086,48
20.434782608695652,15
20.434782608695652,16
20.434782608695652,18
20.434782608695652,24
20.434782608695652,38
20.47826086956522,26
20.47826086956522,27
20.47826086956522,36
20.47826086956522,40
20.47826086956522,44
20.47826086956522,45
20.52173913043478,32
20.565217391304348,28
20.565217391304348,29
20.565217391304348,43
20.608695652173914,33
20.608695652173914,36
20.608695652173914,46
20.652173913043477,48
20.695652173913043,34
20.695652173913043,35
20.73913043478261,39
20.782608695652176,31
20.82608695652174,38
20.82608695652174,42
20.869565217391305,41
20.869565217391305,43
20.869565217391305,45
20.869565217391305,47
20.91304347826087,40
20.91304347826087,48
20.956521739130434,44
21,16.5
21,17.352941176470587
21,17.529411764705884
21,20.428571428571427
21,21.470588235294116
21,27.11764705882353
21,30.285714285714285
21,31.526315789473685
21,34.888888888888886
21,36.03703703703704
21,37.4375
21,39.42857142857143
21,40.94736842105263
21,41.55555555555556
21,42.529411764705884
21.0,43
21,43.76470588235294
21,44.666666666666664
21,45.23529411764706
21,46.05555555555556
21,46.888888888888886
21,47.529411764705884
21,48.35294117647059
21,49.8125
21.11111111111111,21
21.22222222222222,16
21.27777777777778,27
21.27777777777778,33
21.333333333333332,15
21.333333333333332,25
21.333333333333332,31
21.333333333333332,32
21.333333333333332,35
21.38888888888889,20
21.38888888888889,24
21.38888888888889,29
21.444444444444443,28
21.444444444444443,36
21.444444444444443,43
21.5,23
21.61111111111111,27
21.72222222222222,31
21.72222222222222,34
21.72222222222222,39
21.72222222222222,41
21.77777777777778,36
21.77777777777778,37
21.77777777777778,48
21.833333333333332,42
21.833333333333332,44
21.88888888888889,16
21.88888888888889,24
21.88888888888889,35
21.88888888888889,45
21.944444444444443,17
21.944444444444443,46
22,4.684210526315789
22.0,15
22,15.263157894736842
22,15.842105263157894
22,16.333333333333332
22,17.529411764705884
22,18.3125
22,19.25
22,19.625
22,19.8125
22,20.523809523809526
22,22.3125
22,22.8125
22.0,23
22,23.210526315789473
22,26.473684210526315
22,27.176470588235293
22,28.5
22,29.27777777777778
22,31.473684210526315
22,32.55555555555556
22,33.375
22,34.77777777777778
22,35.5
22,36.592592592592595
22,37.625
22,38.75
22,39.904761904761905
22,40.73684210526316
22,41.833333333333336
22,42.64705882352941
22,42.8235294117647
22,43.05882352941177
22,43.705882352941174
22,44.111111111111114
22,45.1764705882353
22,46.22222222222222
22,47.05882352941177
22,47.411764705882355
22,47.94117647058823
22,48.470588235294116
22,49.75
22.095238095238095,24
22.095238095238095,25
22.095238095238095,26
22.095238095238095,28
22.142857142857142,27
22.142857142857142,47
22.19047619047619,33
22.19047619047619,48
22.238095238095237,38
22.285714285714285,31
22.285714285714285,32
22.285714285714285,35
22.285714285714285,44
22.285714285714285,49
22.333333333333332,14
22.333333333333332,36
22.333333333333332,37
22.333333333333332,47
22.38095238095238,20
22.38095238095238,39
22.38095238095238,40
22.428571428571427,22
22.428571428571427,31
22.476190476190474,24
22.476190476190474,45
22.523809523809526,23
22.523809523809526,26
22.523809523809526,43
22.523809523809526,46
22.571428571428573,25
22.571428571428573,27
22.571428571428573,44
22.61904761904762,32
22.666666666666668,41
22.714285714285715,35
22.761904761904763,15
22.761904761904763,17
22.761904761904763,36
22.857142857142858,14
22.857142857142858,38
22.857142857142858,40
22.857142857142858,45
22.904761904761905,16
22.904761904761905,20
22.904761904761905,21
22.952380952380953,44
23.0,11
23,11.952380952380953
23,14.263157894736842
23,14.842105263157894
23,15.263157894736842
23,15.631578947368421
23,16.166666666666668
23,16.61111111111111
23,17.176470588235293
23,17.41176470588235
23,18.1875
23,18.75
23,19.8125
23,20.428571428571427
23,20.80952380952381
23,21.352941176470587
23,21.88235294117647
23,22.8125
23,27.470588235294116
23,28.125
23,29.166666666666668
23,30.666666666666668
23,30.80952380952381
23.0,31
23,32.388888888888886
23,33.75
23,34.55555555555556
23,35.6875
23,36.111111111111114
23,36.407407407407405
23,37.625
23,39.61904761904762
23,39.76190476190476
23,40.68421052631579
23,41.611111111111114
23,43.705882352941174
23,44.27777777777778
23,44.55555555555556
23,44.72222222222222
23,45.23529411764706
23,45.76470588235294
23,46.22222222222222
23,46.833333333333336
23,49.6875
23.03846153846154,23
23.03846153846154,42
23.076923076923077,15
23.076923076923077,24
23.076923076923077,25
23.076923076923077,27
23.076923076923077,49
23.115384615384617,17
23.115384615384617,26
23.115384615384617,28
23.115384615384617,30
23.115384615384617,33
23.115384615384617,34
23.115384615384617,38
23.153846153846153,32
23.153846153846153,46
23.192307692307693,20
23.192307692307693,21
23.192307692307693,40
23.192307692307693,47
23.23076923076923,27
23.23076923076923,37
23.23076923076923,48
23.26923076923077,29
23.26923076923077,35
23.26923076923077,36
23.26923076923077,41
23.26923076923077,44
23.26923076923077,46
23.307692307692307,49
23.346153846153847,38
23.346153846153847,48
23.423076923076923,42
23.423076923076923,43
23.423076923076923,45
23.423076923076923,47
23.46153846153846,46
23.5,44
23.5,48
23.53846153846154,12
23.53846153846154,40
23.53846153846154,45
23.576923076923077,9
23.576923076923077,22
23.615384615384617,41
23.653846153846153,47
23.692307692307693,13
23.692307692307693,19
23.73076923076923,15
23.73076923076923,26
23.76923076923077,12
23.76923076923077,20
23.76923076923077,34
23.807692307692307,16
23.846153846153847,23
23.846153846153847,30
23.884615384615383,11
23.884615384615383,12
23.884615384615383,15
23.884615384615383,24
23.884615384615383,25
23.884615384615383,27
23.884615384615383,48
23.923076923076923,35
23.96153846153846,17
24,14.842105263157894
24,15.263157894736842
24,16.11111111111111
24,17.529411764705884
24,18.1875
24,19.5
24,20.61904761904762
24,20.952380952380953
24,21.764705882352942
24,22.5625
24,23.473684210526315
24.0,24
24,24.61111111111111
24.0,25
24,25.875
24,26.42105263157895
24,26.842105263157894
24,27.294117647058822
24,28.1875
24,28.4375
24,29.61111111111111
24,30.428571428571427
24,30.571428571428573
24,30.714285714285715
24.0,31
24,31.263157894736842
24,31.42105263157895
24,32.388888888888886
24,33.5
24,34.5
24,34.72222222222222
24,35.75
24,36.51851851851852
24,37.375
24,38.8125
24,39.523809523809526
24,40.8421052631579
24,41.611111111111114
24,42.64705882352941
24,43.588235294117645
24,44.27777777777778
24,45.05882352941177
24,45.8235294117647
24,46.22222222222222
24,46.77777777777778
24,47.94117647058823
24,49.625
24.125,28
24.125,36
24.125,41
24.125,42
24.125,49
24.1875,16
24.1875,32
24.1875,33
24.1875,37
24.1875,40
24.1875,46
24.25,22
24.25,25
24.25,34
24.25,39
24.25,44
24.25,45
24.3125,38
24.375,35
24.375,48
24.4375,47
24.5,22
24.5,28
24.5,30
24.5625,27
24.5625,43
24.5625,46
24.625,36
24.6875,14
24.6875,31
24.6875,32
24.75,47
24.8125,13
24.8125,17
24.8125,37
24.875,11
24.875,27
24.9375,18
25.0,13
25,13.764705882352942
25,14.263157894736842
25,14.947368421052632
25,15.263157894736842
25,15.894736842105264
25,16.38888888888889
25,17.058823529411764
25,17.58823529411765
25,18.625
25,19.5
25,19.875
25,20.476190476190474
25,20.714285714285715
25,21.235294117647058
25,21.764705882352942
25,22.5
25,24.61111111111111
25,25.0625
25,25.25
25,25.4375
25,25.6875
25,27.294117647058822
25,29.61111111111111
25,30.095238095238095
25,30.38095238095238
25,30.904761904761905
25,31.526315789473685
25,32.05555555555556
25,32.44444444444444
25,33.75
25,34.888888888888886
25,35.6875
25,36.074074074074076
25,36.333333333333336
25,36.7037037037037
25,37.5
25,38.75
25,39.666666666666664
25,40.36842105263158
25,41.44444444444444
25,41.94444444444444
25,42.64705882352941
25,43.705882352941174
25,44.77777777777778
25,45.64705882352941
25,46.77777777777778
25,47.11764705882353
25,47.94117647058823
25,49.625
25.05263157894737,24
25.05263157894737,34
25.105263157894736,22
25.105263157894736,27
25.105263157894736,33
25.105263157894736,45
25.157894736842106,7
25.157894736842106,28
25.157894736842106,29
25.157894736842106,48
25.210526315789473,14
25.210526315789473,38
25.263157894736842,30
25.31578947368421,26
25.31578947368421,31
25.31578947368421,36
25.36842105263158,32
25.42105263157895,35
25.42105263157895,48
25.473684210526315,16
25.473684210526315,19
25.473684210526315,40
25.473684210526315,41
25.473684210526315,42
25.526315789473685,11
25.526315789473685,31
25.526315789473685,44
25.526315789473685,45
25.57894736842105,47
25.63157894736842,12
25.63157894736842,15
25.63157894736842,16
25.63157894736842,20
25.63157894736842,37
25.63157894736842,39
25.63157894736842,43
25.68421052631579,13
25.68421052631579,23
25.68421052631579,46
25.736842105263158,14
25.736842105263158,22
25.736842105263158,24
25.736842105263158,25
25.736842105263158,33
25.789473684210527,16
25.789473684210527,27
25.789473684210527,39
25.842105263157894,28
25.842105263157894,30
25.842105263157894,48
25.894736842105264,32
25.894736842105264,40
25.94736842105263,38
25.94736842105263,49
26,16.11111111111111
26,21.11764705882353
26,22.75
26,23.894736842105264
26,24.555555555555557
26.0,25
26,26.157894736842106
26,26.68421052631579
26,27.41176470588235
26,27.647058823529413
26,31.526315789473685
26,31.68421052631579
26,32.55555555555556
26,33.25
26,33.75
26,34.333333333333336
26,34.72222222222222
26,34.888888888888886
26,35.6875
26,35.9375
26,36.629629629629626
26,36.888888888888886
26,37.625
26,38.3125
26,38.75
26,39.523809523809526
26,40.21052631578947
26,40.68421052631579
26,41.5
26,42.64705882352941
26,43.705882352941174
26,44.5
26,45.05882352941177
26,45.88235294117647
26,48.11764705882353
26,49.5625
26.037037037037038,34
26.074074074074073,33
26.11111111111111,15
26.11111111111111,37
26.11111111111111,46
26.11111111111111,48
26.14814814814815,21
26.14814814814815,44
26.185185185185187,25
26.185185185185187,43
26.22222222222222,42
26.22222222222222,47
26.25925925925926,41
26.25925925925926,45
26.296296296296298,33
26.333333333333332,9
26.333333333333332,10
26.333333333333332,22
26.37037037037037,12
26.37037037037037,35
26.444444444444443,9
26.444444444444443,13
26.444444444444443,14
26.444444444444443,17
26.444444444444443,29
26.48148148148148,8
26.48148148148148,10
26.51851851851852,15
26.51851851851852,32
26.555555555555557,9
26.555555555555557,13
26.555555555555557,25
26.555555555555557,33
26.59259259259259,16
26.59259259259259,28
26.62962962962963,18
26.62962962962963,27
26.62962962962963,29
26.666666666666668,26
26.666666666666668,37
26.703703703703702,17
26.703703703703702,23
26.703703703703702,25
26.703703703703702,30
26.74074074074074,19
26.74074074074074,24
26.74074074074074,31
26.74074074074074,36
26.74074074074074,39
26.74074074074074,43
26.77777777777778,40
26.814814814814813,34
26.814814814814813,35
26.814814814814813,41
26.814814814814813,42
26.85185185185185,31
26.88888888888889,32
26.88888888888889,33
26.88888888888889,38
26.925925925925927,44
26.925925925925927,45
26.925925925925927,46
26.962962962962962,37
26.962962962962962,47
27,7.0625
27,10.75
27.0,23
27,30.285714285714285
27,30.714285714285715
27,30.952380952380953
27,32.388888888888886
27,35.3125
27,35.75
27,36.666666666666664
27,37.1875
27,38.75
27,39.333333333333336
27,39.714285714285715
27,40.63157894736842
27,41.388888888888886
27,42.705882352941174
27,43.470588235294116
27,46.833333333333336
27,49.5625
27.05,48
27.1,9
27.1,44
27.15,43
27.25,13
27.25,23
27.3,14
27.3,37
27.35,15
27.35,16
27.35,18
27.4,13
27.4,24
27.4,31
27.4,34
27.45,17
27.45,19
27.45,20
27.45,25
27.5,49
27.55,26
27.55,27
27.55,32
27.6,22
27.6,28
27.6,33
27.6,37
27.6,41
27.65,21
27.7,23
27.7,29
27.75,36
27.75,43
27.8,38
27.8,40
27.85,13
27.85,32
27.85,46
27.85,47
27.9,15
27.9,34
27.9,37
27.9,42
27.95,41
27.95,48
28,12.714285714285714
28,14.842105263157894
28,15.736842105263158
28,16.055555555555557
28,16.77777777777778
28.0,17
28,17.235294117647058
28.0,18
28,19.5
28,20.19047619047619
28,21.705882352941178
28,22.875
28,23.526315789473685
28,23.94736842105263
28,25.8125
28.0,26
28,26.789473684210527
28,27.294117647058822
28.0,28
28,28.1875
28,29.5
28,30.19047619047619
28,30.38095238095238
28,31.94736842105263
28,33.3125
28,33.75
28,34.27777777777778
28,34.77777777777778
28,35.625
28,36.51851851851852
28,37.4375
28,38.4375
28,39.42857142857143
28,40.36842105263158
28,41.44444444444444
28,42.529411764705884
28,43.588235294117645
28,44.666666666666664
28,45.8235294117647
28,46.77777777777778
28.0,47
28,47.76470588235294
28,49.5
28.058823529411764,19
28.058823529411764,39
28.11764705882353,25
28.11764705882353,30
28.11764705882353,31
28.11764705882353,44
28.176470588235293,17
28.176470588235293,23
28.176470588235293,45
28.235294117647058,27
28.235294117647058,29
28.235294117647058,34
28.235294117647058,35
28.352941176470587,13
28.352941176470587,15
28.352941176470587,32
28.352941176470587,33
28.352941176470587,36
28.470588235294116,37
28.470588235294116,40
28.470588235294116,46
28.529411764705884,14
28.529411764705884,38
28.529411764705884,42
28.58823529411765,17
28.58823529411765,18
28.58823529411765,49
28.647058823529413,23
28.647058823529413,47
28.705882352941178,24
28.705882352941178,25
28.705882352941178,28
28.705882352941178,43
28.705882352941178,48
28.764705882352942,13
28.764705882352942,26
28.764705882352942,31
28.88235294117647,37
28.941176470588236,30
28.941176470588236,33
28.941176470588236,36
28.941176470588236,45
28.941176470588236,48
29,5.235294117647059
29,12.19047619047619
29,12.571428571428571
29,12.904761904761905
29,13.823529411764707
29,16.055555555555557
29,16.88888888888889
29,18.25
29.0,19
29,19.25
29,19.6875
29,20.61904761904762
29,21.11764705882353
29,21.58823529411765
29,23.68421052631579
29,24.38888888888889
29,25.625
29,26.105263157894736
29,26.842105263157894
29,28.4375
29,29.22222222222222
29,29.444444444444443
29,29.77777777777778
29,30.238095238095237
29,31.36842105263158
29,31.94736842105263
29,32.111111111111114
29,32.611111111111114
29,32.77777777777778
29,33.625
29,34.22222222222222
29,34.611111111111114
29,35.5
29,36.111111111111114
29,36.333333333333336
29,36.629629629629626
29,37.5625
29,38.1875
29,38.6875
29,39.333333333333336
29,39.523809523809526
29,39.714285714285715
29,40.421052631578945
29,41.55555555555556
29,42.1764705882353
29,42.529411764705884
29,43.470588235294116
29,43.76470588235294
29,44.666666666666664
29,45.588235294117645
29,46.72222222222222
29,47.529411764705884
29,49.5
29.125,14
29.125,24
29.125,40
29.125,42
29.1875,11
29.1875,13
29.1875,16
29.1875,46
29.1875,49
29.25,17
29.3125,15
29.3125,18
29.3125,32
29.3125,43
29.375,21
29.375,35
29.4375,19
29.4375,23
29.4375,26
29.4375,27
29.4375,48
29.5,22
29.5,25
29.5,33
29.5,34
29.625,28
29.625,29
29.625,30
29.625,31
29.625,36
29.625,45
29.625,47
29.6875,24
29.75,32
29.75,37
29.8125,39
29.9375,40
29.9375,41
29.9375,43
29.9375,44
30,14.263157894736842
30,14.68421052631579
30,14.947368421052632
30,15.263157894736842
30,16.88888888888889
30,22.375
30,24.77777777777778
30,25.3125
30.0,28
30,30.142857142857142
30,31.36842105263158
30,32.44444444444444
30,33.25
30,33.5625
30,33.8125
30.0,34
30,34.666666666666664
30,35.6875
30,36.25925925925926
30.0,37
30,37.375
30,38.0625
30,38.375
30,39.80952380952381
30,41.55555555555556
30.0,42
30,42.23529411764706
30,42.529411764705884
30,43.529411764705884
30,44.611111111111114
30,45.588235294117645
30,45.8235294117647
30.0,46
30,46.666666666666664
30.0,47
30,47.705882352941174
30,48.05882352941177
30,49.5
30.08,41
30.12,45
30.16,30
30.16,46
30.2,9
30.2,13
30.2,14
30.2,19
30.2,22
30.24,12
30.28,49
30.32,13
30.32,15
30.32,17
30.32,18
30.32,20
30.36,16
30.4,23
30.4,24
30.4,29
30.44,26
30.44,39
30.48,13
30.48,21
30.48,27
30.48,28
30.52,32
30.52,42
30.52,46
30.56,16
30.56,18
30.56,26
30.56,31
30.56,40
30.6,35
30.64,36
30.64,37
30.68,32
30.68,34
30.68,40
30.72,28
30.72,30
30.72,41
30.72,44
30.72,45
30.76,16
30.76,33
30.76,43
30.76,47
30.8,38
30.8,39
30.8,48
30.84,19
30.84,21
30.84,42
30.88,17
30.88,35
30.92,46
30.96,49
31,9.777777777777779
31,14.210526315789474
31,14.578947368421053
31,14.736842105263158
31,15.157894736842104
31,16.944444444444443
31,19.375
31,22.8125
31,24.555555555555557
31,24.833333333333332
31,26.210526315789473
31,26.526315789473685
31,27.823529411764707
31,28.3125
31,28.875
31,29.11111111111111
31.0,30
31,30.333333333333332
31,30.476190476190474
31,31.05263157894737
31,31.842105263157894
31,32.27777777777778
31,33.125
31,33.375
31,34.05555555555556
31,34.55555555555556
31,35.0625
31,35.75
31,36.44444444444444
31,36.851851851851855
31,37.1875
31,37.4375
31.0,38
31,39.523809523809526
31,40.26315789473684
31,40.421052631578945
31,41.05555555555556
31,41.55555555555556
31,42.529411764705884
31,43.294117647058826
31,43.88235294117647
31,44.5
31,45.64705882352941
31,46.44444444444444
31,47.76470588235294
31,49.4375
31.1,12
31.1,37
31.15,14
31.2,39
31.2,40
31.25,15
31.25,16
31.25,18
31.25,21
31.25,22
31.25,46
31.3,19
31.35,23
31.35,25
31.4,17
31.4,26
31.4,28
31.4,32
31.4,38
31.4,39
31.45,31
31.45,45
31.5,25
31.5,30
31.5,43
31.55,26
31.55,35
31.55,36
31.6,29
31.6,33
31.6,37
31.6,40
31.65,27
31.65,34
31.65,41
31.7,42
31.75,48
31.8,19
31.8,20
31.8,25
31.8,39
31.8,40
31.8,44
31.85,15
31.85,17
31.85,24
31.85,27
31.85,45
31.9,18
31.9,23
31.9,42
32,15.157894736842104
32,15.894736842105264
32,16.27777777777778
32,16.61111111111111
32,16.88888888888889
32,18.3125
32,19.125
32,19.5625
32,20.142857142857142
32,21.11764705882353
32,21.41176470588235
32,22.375
32,22.8125
32,23.36842105263158
32,23.68421052631579
32,24.38888888888889
32,24.77777777777778
32.0,26
32,26.94736842105263
32,27.176470588235293
32,29.166666666666668
32,30.047619047619047
32,30.761904761904763
32,31.263157894736842
32,32.166666666666664
32,33.1875
32,33.5
32,34.5
32,35.5
32,36.370370370370374
32,36.629629629629626
32,36.96296296296296
32,38.375
32,39.476190476190474
32,40.10526315789474
32,40.526315789473685
32,41.611111111111114
32,43.05882352941177
32,43.88235294117647
32,44.5
32,45.411764705882355
32,46.333333333333336
32,47.470588235294116
32,47.88235294117647
32,49.4375
32.02857142857143,25
32.02857142857143,35
32.02857142857143,36
32.05714285714286,22
32.05714285714286,28
32.05714285714286,32
32.05714285714286,33
32.08571428571429,27
32.08571428571429,31
32.08571428571429,34
32.114285714285714,29
32.114285714285714,41
32.142857142857146,17
32.142857142857146,30
32.142857142857146,37
32.142857142857146,39
32.142857142857146,40
32.2,16
32.2,43
32.22857142857143,25
32.22857142857143,38
32.25714285714286,47
32.25714285714286,48
32.285714285714285,29
32.31428571428572,40
32.31428571428572,44
32.31428571428572,46
32.34285714285714,48
32.371428571428574,9
32.371428571428574,13
32.371428571428574,20
32.371428571428574,36
32.371428571428574,45
32.4,30
32.4,35
32.4,40
32.4,42
32.42857142857143,14
32.42857142857143,16
32.42857142857143,43
32.457142857142856,15
32.457142857142856,21
32.48571428571429,18
32.48571428571429,19
32.48571428571429,22
32.51428571428571,27
32.51428571428571,37
32.57142857142857,14
32.57142857142857,26
32.57142857142857,30
32.6,17
32.6,23
32.6,36
32.628571428571426,19
32.628571428571426,20
32.628571428571426,38
32.65714285714286,27
32.65714285714286,31
32.65714285714286,40
32.68571428571428,28
32.68571428571428,29
32.68571428571428,32
32.68571428571428,34
32.68571428571428,37
32.714285714285715,20
32.714285714285715,33
32.714285714285715,35
32.714285714285715,43
32.714285714285715,44
32.714285714285715,49
32.74285714285714,24
32.74285714285714,45
32.77142857142857,26
32.77142857142857,39
32.77142857142857,48
32.82857142857143,30
32.82857142857143,38
32.82857142857143,42
32.82857142857143,46
32.82857142857143,47
32.857142857142854,36
32.857142857142854,40
32.857142857142854,41
32.97142857142857,45
33,9.5
33,12.80952380952381
33,13.588235294117647
33,13.941176470588236
33,15.052631578947368
33,17.764705882352942
33,18.25
33,20.714285714285715
33,23.842105263157894
33.0,30
33,32.166666666666664
33,36.407407407407405
33,39.23809523809524
33,44.22222222222222
33,45.294117647058826
33,46.888888888888886
33,49.375
33.0625,13
33.125,20
33.1875,8
33.1875,11
33.1875,15
33.1875,18
33.25,19
33.25,21
33.25,33
33.3125,41
33.375,10
33.375,12
33.4375,22
33.4375,23
33.4375,32
33.5,30
33.5,35
33.5,37
33.5625,27
33.5625,28
33.5625,29
33.5625,33
33.5625,34
33.625,25
33.625,26
33.625,36
33.625,40
33.625,43
33.6875,30
33.6875,31
33.6875,32
33.75,23
33.75,38
33.75,39
33.8125,16
33.8125,40
33.8125,41
33.8125,44
33.875,14
33.875,45
33.875,46
33.9375,15
33.9375,43
33.9375,48
33.9375,49
34,13.470588235294118
34,14.631578947368421
34,14.842105263157894
34,15.526315789473685
34,15.789473684210526
34,16.666666666666668
34,17.647058823529413
34,17.88235294117647
34,18.8125
34,20.095238095238095
34,20.38095238095238
34,21.352941176470587
34,22.25
34,22.8125
34,24.333333333333332
34,24.77777777777778
34,25.5625
34,26.42105263157895
34,26.842105263157894
34,27.11764705882353
34,27.705882352941178
34,28.3125
34,28.9375
34.0,30
34,30.333333333333332
34.0,31
34,33.25
34,34.27777777777778
34,35.3125
34,36.18518518518518
34,36.55555555555556
34,36.96296296296296
34,37.3125
34,38.0625
34,38.625
34,39.38095238095238
34,39.95238095238095
34,41.05555555555556
34,41.94444444444444
34,43.294117647058826
34,43.8235294117647
34,44.72222222222222
34,45.588235294117645
34,46.44444444444444
34,46.666666666666664
34.0,47
34,47.1764705882353
34,47.35294117647059
34,49.375
34.04545454545455,17
34.04545454545455,19
34.04545454545455,21
34.09090909090909,23
34.09090909090909,32
34.13636363636363,22
34.13636363636363,37
34.13636363636363,44
34.18181818181818,27
34.22727272727273,26
34.22727272727273,30
34.27272727272727,34
34.36363636363637,14
34.36363636363637,15
34.36363636363637,16
34.36363636363637,28
34.36363636363637,39
34.40909090909091,42
34.40909090909091,45
34.45454545454545,29
34.45454545454545,40
34.5,17
34.5,20
34.5,33
34.5,36
34.54545454545455,21
34.54545454545455,41
34.59090909090909,24
34.59090909090909,26
34.59090909090909,38
34.63636363636363,27
34.63636363636363,30
34.63636363636363,35
34.63636363636363,40
34.68181818181818,32
34.68181818181818,43
34.72727272727273,9
34.72727272727273,12
34.72727272727273,34
34.77272727272727,13
34.77272727272727,22
34.81818181818182,31
34.86363636363637,44
34.90909090909091,7
34.90909090909091,24
34.90909090909091,48
34.95454545454545,14
34.95454545454545,16
34.95454545454545,28
35,8.705882352941176
35,9.777777777777779
35,10.6875
35,10.875
35,11.619047619047619
35,13.588235294117647
35,14.631578947368421
35,14.894736842105264
35,15.473684210526315
35,15.842105263157894
35,16.72222222222222
35.0,17
35,17.764705882352942
35,18.4375
35,18.625
35,19.0625
35,19.6875
35,21.41176470588235
35,23.57894736842105
35,24.22222222222222
35,24.72222222222222
35,25.4375
35,26.789473684210527
35,27.823529411764707
35,28.1875
35,29.22222222222222
35,30.142857142857142
35,31.63157894736842
35,32.55555555555556
35,33.125
35,34.22222222222222
35,35.125
35,36.333333333333336
35,36.851851851851855
35,37.9375
35.0,39
35,39.142857142857146
35,40.21052631578947
35,41.05555555555556
35,42.23529411764706
35,43.35294117647059
35,44.05555555555556
35,45.294117647058826
35,46.27777777777778
35,46.833333333333336
35,47.05882352941177
35,48.1764705882353
35,49.125
35,49.375
35.083333333333336,18
35.083333333333336,20
35.083333333333336,21
35.083333333333336,22
35.083333333333336,31
35.125,17
35.125,25
35.166666666666664,26
35.166666666666664,33
35.166666666666664,34
35.166666666666664,35
35.166666666666664,47
35.208333333333336,29
35.208333333333336,30
35.208333333333336,39
35.208333333333336,45
35.25,31
35.25,36
35.25,41
35.291666666666664,22
35.291666666666664,27
35.291666666666664,32
35.291666666666664,37
35.291666666666664,38
35.333333333333336,34
35.333333333333336,40
35.333333333333336,42
35.333333333333336,43
35.375,46
35.416666666666664,35
35.458333333333336,29
35.541666666666664,36
35.625,10
35.625,48
35.666666666666664,11
35.708333333333336,17
35.708333333333336,21
35.708333333333336,26
35.75,20
35.75,22
35.75,49
35.791666666666664,36
35.833333333333336,17
35.833333333333336,18
35.875,19
35.875,23
35.916666666666664,14
35.916666666666664,21
35.916666666666664,27
35.958333333333336,48
36,14.473684210526315
36,15.105263157894736
36,15.368421052631579
36,15.789473684210526
36,16.444444444444443
36,17.058823529411764
36,18.25
36,18.875
36,21.294117647058822
36.0,22
36,22.5625
36,23.36842105263158
36,23.63157894736842
36.0,24
36,24.333333333333332
36,24.61111111111111
36,25.4375
36,25.75
36,26.68421052631579
36,27.764705882352942
36,27.941176470588236
36.0,29
36.0,30
36,30.904761904761905
36,34.27777777777778
36,35.25
36,36.148148148148145
36,36.2962962962963
36,36.888888888888886
36,38.1875
36,39.095238095238095
36,39.38095238095238
36,41.05555555555556
36,42.23529411764706
36,43.294117647058826
36,44.166666666666664
36,45.294117647058826
36,46.333333333333336
36,46.55555555555556
36,47.76470588235294
36,49.25
36.05,32
36.05,33
36.05,34
36.05,37
36.05,44
36.1,25
36.1,26
36.1,40
36.1,47
36.15,35
36.15,38
36.15,41
36.15,46
36.2,17
36.25,14
36.25,36
36.3,27
36.3,31
36.3,42
36.3,43
36.35,35
36.35,38
36.4,30
36.45,45
36.5,29
36.5,39
36.55,17
36.55,22
36.55,23
36.55,27
36.6,28
36.65,14
36.65,18
36.65,19
36.65,41
36.75,40
36.8,11
36.8,12
36.8,13
36.8,14
36.8,19
36.8,37
36.85,16
36.85,17
36.85,18
36.85,29
36.85,39
36.9,20
36.9,42
36.95,31
36.95,33
36.95,36
36.95,38
37,10.625
37,13.235294117647058
37,15.894736842105264
37,16.38888888888889
37.0,18
37,19.0625
37,19.4375
37,20.238095238095237
37.0,21
37,21.41176470588235
37,22.25
37,23.157894736842106
37,23.42105263157895
37,23.57894736842105
37,24.333333333333332
37,24.61111111111111
37.0,25
37,25.375
37,25.6875
37,25.875
37,26.42105263157895
37,26.68421052631579
37.0,27
37,27.352941176470587
37.0,28
37,28.8125
37,29.11111111111111
37,29.72222222222222
37,30.095238095238095
37,30.61904761904762
37,31.789473684210527
37,32.77777777777778
37,33.1875
37.0,34
37,34.72222222222222
37,35.6875
37,36.111111111111114
37,36.888888888888886
37,39.142857142857146
37,39.76190476190476
37,40.68421052631579
37,41.111111111111114
37,43.1764705882353
37,44.05555555555556
37,45.1764705882353
37,47.8235294117647
37.0,48
37,48.470588235294116
37.0,49
37,49.1875
37.05,32
37.1,23
37.1,31
37.1,35
37.15,6
37.15,28
37.15,34
37.15,37
37.15,40
37.15,41
37.2,24
37.25,10
37.25,22
37.25,42
37.25,44
37.25,45
37.3,18
37.3,46
37.35,11
37.35,15
37.35,16
37.45,14
37.45,20
37.45,27
37.45,47
37.5,17
37.5,19
37.5,22
37.5,43
37.55,21
37.55,23
37.55,26
37.55,44
37.65,28
37.65,29
37.65,30
37.65,32
37.65,36
37.65,38
37.7,24
37.7,25
37.7,34
37.7,42
37.7,43
37.75,33
37.75,35
37.75,45
37.8,31
37.8,36
37.8,37
37.8,46
37.85,27
37.85,39
37.85,42
37.9,26
37.9,33
38,6.764705882352941
38.0,14
38,14.68421052631579
38,18.8125
38,20.476190476190474
38,20.952380952380953
38,22.375
38,22.875
38,23.36842105263158
38,23.68421052631579
38,24.5
38,26.31578947368421
38,26.789473684210527
38,27.41176470588235
38,27.764705882352942
38,28.1875
38,28.625
38,29.61111111111111
38,30.095238095238095
38,30.857142857142858
38,31.68421052631579
38,34.05555555555556
38,34.888888888888886
38,35.3125
38,35.9375
38,36.25925925925926
38,36.77777777777778
38,37.5625
38,38.25
38,39.04761904761905
38,39.95238095238095
38,40.94736842105263
38,41.94444444444444
38,43.05882352941177
38,43.294117647058826
38,44.166666666666664
38,44.44444444444444
38,45.1764705882353
38,46.22222222222222
38,46.611111111111114
38,47.705882352941174
38,49.25
38.041666666666664,11
38.083333333333336,48
38.083333333333336,49
38.125,45
38.166666666666664,21
38.166666666666664,28
38.166666666666664,33
38.208333333333336,13
38.208333333333336,26
38.25,17
38.25,36
38.291666666666664,28
38.291666666666664,35
38.291666666666664,37
38.333333333333336,11
38.333333333333336,27
38.375,22
38.375,23
38.416666666666664,21
38.416666666666664,30
38.416666666666664,39
38.458333333333336,18
38.458333333333336,19
38.458333333333336,20
38.5,17
38.5,24
38.5,40
38.5,44
38.541666666666664,29
38.541666666666664,31
38.541666666666664,35
38.541666666666664,47
38.583333333333336,25
38.583333333333336,26
38.583333333333336,30
38.583333333333336,34
38.583333333333336,39
38.625,14
38.625,16
38.625,32
38.625,37
38.625,38
38.625,46
38.666666666666664,28
38.666666666666664,44
38.708333333333336,36
38.708333333333336,41
38.708333333333336,42
38.708333333333336,43
38.75,27
38.75,45
38.791666666666664,33
38.791666666666664,44
38.958333333333336,48
39,6.882352941176471
39,8.882352941176471
39,9.61111111111111
39,10.5
39,10.875
39,11.476190476190476
39,13.882352941176471
39,14.210526315789474
39,17.058823529411764
39,18.6875
39,36.74074074074074
39,38.1875
39,39.04761904761905
39,39.95238095238095
39,40.421052631578945
39.0,41
39,42.05882352941177
39.0,43
39,44.44444444444444
39,44.666666666666664
39,45.294117647058826
39,46.5
39,47.05882352941177
39,47.23529411764706
39,48.1764705882353
39.0,49
39,49.1875
39.04761904761905,12
39.04761904761905,13
39.142857142857146,18
39.19047619047619,14
39.23809523809524,11
39.23809523809524,12
39.23809523809524,13
39.23809523809524,16
39.285714285714285,18
39.285714285714285,20
39.333333333333336,21
39.333333333333336,23
39.333333333333336,37
39.38095238095238,17
39.38095238095238,19
39.38095238095238,22
39.38095238095238,24
39.38095238095238,25
39.38095238095238,26
39.38095238095238,27
39.38095238095238,28
39.38095238095238,30
39.38095238095238,38
39.42857142857143,14
39.42857142857143,31
39.42857142857143,33
39.476190476190474,21
39.476190476190474,29
39.476190476190474,32
39.476190476190474,34
39.476190476190474,40
39.523809523809526,19
39.523809523809526,39
39.57142857142857,41
39.57142857142857,42
39.57142857142857,43
39.57142857142857,46
39.61904761904762,12
39.61904761904762,35
39.61904761904762,38
39.61904761904762,44
39.666666666666664,36
39.714285714285715,11
39.714285714285715,45
39.714285714285715,46
39.714285714285715,47
39.76190476190476,35
39.76190476190476,40
39.857142857142854,16
39.857142857142854,18
39.857142857142854,21
39.904761904761905,23
39.95238095238095,20
39.95238095238095,25
40,11.333333333333334
40,14.631578947368421
40,15.631578947368421
40,16.666666666666668
40,17.705882352941178
40,21.058823529411764
40,21.764705882352942
40,22.125
40,22.375
40,23.263157894736842
40.0,24
40,24.22222222222222
40,24.444444444444443
40,25.1875
40,25.4375
40,25.625
40.0,26
40,26.31578947368421
40,26.789473684210527
40.0,27
40,27.58823529411765
40.0,28
40,28.75
40,29.61111111111111
40,29.833333333333332
40,30.523809523809526
40,30.80952380952381
40,31.789473684210527
40,32.44444444444444
40,32.94444444444444
40,33.9375
40,34.94444444444444
40,36.074074074074076
40,36.74074074074074
40,37.4375
40,38.375
40,38.875
40,39.666666666666664
40,40.10526315789474
40,40.578947368421055
40,41.05555555555556
40,41.72222222222222
40,42.88235294117647
40,43.411764705882355
40,43.94117647058823
40,44.44444444444444
40,45.11764705882353
40,46.5
40,47.294117647058826
40,49.25
40.05555555555556,7
40.05555555555556,29
40.05555555555556,48
40.111111111111114,9
40.111111111111114,30
40.111111111111114,31
40.111111111111114,49
40.166666666666664,40
40.22222222222222,16
40.22222222222222,39
40.22222222222222,41
40.22222222222222,42
40.22222222222222,43
40.27777777777778,14
40.333333333333336,17
40.333333333333336,20
40.333333333333336,22
40.333333333333336,34
40.333333333333336,38
40.333333333333336,46
40.388888888888886,23
40.388888888888886,30
40.388888888888886,32
40.388888888888886,33
40.388888888888886,35
40.388888888888886,37
40.388888888888886,44
40.388888888888886,47
40.44444444444444,24
40.44444444444444,36
40.5,26
40.5,28
40.55555555555556,19
40.55555555555556,31
40.55555555555556,44
40.611111111111114,7
40.611111111111114,11
40.611111111111114,15
40.611111111111114,25
40.666666666666664,39
40.666666666666664,41
40.72222222222222,42
40.72222222222222,46
40.77777777777778,40
40.833333333333336,29
40.833333333333336,45
40.888888888888886,28
40.94444444444444,11
40.94444444444444,16
40.94444444444444,27
41,8.705882352941176
41,9.444444444444445
41,10.3125
41,10.75
41,11.904761904761905
41,12.476190476190476
41,12.761904761904763
41,13.705882352941176
41,14.68421052631579
41,15.526315789473685
41,16.88888888888889
41,17.352941176470587
41,17.647058823529413
41,17.823529411764707
41.0,19
41,20.047619047619047
41,20.19047619047619
41,21.058823529411764
41.0,22
41,22.375
41,23.36842105263158
41,24.444444444444443
41,25.375
41,26.63157894736842
41,27.235294117647058
41,27.764705882352942
41,28.4375
41,28.8125
41,29.72222222222222
41,30.80952380952381
41,31.68421052631579
41,32.72222222222222
41,33.6875
41,35.125
41,35.8125
41,36.22222222222222
41,36.77777777777778
41,37.8125
41,38.9375
41,39.61904761904762
41,40.05263157894737
41,40.8421052631579
41,41.833333333333336
41,42.94117647058823
41,43.76470588235294
41,44.22222222222222
41,44.94444444444444
41,46.44444444444444
41,47.1764705882353
41,49.1875
41.03225806451613,15
41.03225806451613,38
41.064516129032256,23
41.064516129032256,32
41.096774193548384,20
41.096774193548384,31
41.12903225806452,26
41.12903225806452,33
41.12903225806452,37
41.16129032258065,25
41.16129032258065,30
41.16129032258065,34
41.16129032258065,35
41.16129032258065,36
41.193548387096776,24
41.193548387096776,29
41.193548387096776,41
41.225806451612904,28
41.225806451612904,39
41.225806451612904,40
41.225806451612904,47
41.25806451612903,42
41.25806451612903,44
41.25806451612903,48
41.29032258064516,43
41.29032258064516,45
41.32258064516129,38
41.32258064516129,46
41.32258064516129,49
41.354838709677416,12
41.354838709677416,40
41.41935483870968,11
41.41935483870968,45
41.45161290322581,47
41.483870967741936,17
41.516129032258064,15
41.516129032258064,20
41.516129032258064,22
41.54838709677419,33
41.58064516129032,6
41.58064516129032,16
41.58064516129032,23
41.61290322580645,19
41.645161290322584,18
41.645161290322584,20
41.645161290322584,21
41.645161290322584,22
41.645161290322584,34
41.645161290322584,39
41.67741935483871,24
41.67741935483871,25
41.67741935483871,37
41.67741935483871,38
41.70967741935484,13
41.70967741935484,28
41.70967741935484,29
41.74193548387097,14
41.74193548387097,27
41.74193548387097,31
41.74193548387097,32
41.74193548387097,35
41.74193548387097,36
41.74193548387097,40
41.774193548387096,23
41.774193548387096,26
41.774193548387096,30
41.806451612903224,39
41.806451612903224,43
41.83870967741935,20
41.83870967741935,33
41.83870967741935,42
41.83870967741935,47
41.87096774193548,41
41.87096774193548,44
41.903225806451616,17
41.903225806451616,46
41.935483870967744,45
41.935483870967744,47
41.935483870967744,48
42,12.380952380952381
42,12.523809523809524
42,14.421052631578947
42,14.842105263157894
42,15.473684210526315
42,16.444444444444443
42,16.72222222222222
42,17.470588235294116
42,20.80952380952381
42,21.764705882352942
42,22.3125
42,22.6875
42,23.42105263157895
42,24.055555555555557
42,24.22222222222222
42,25.4375
42,26.210526315789473
42,26.94736842105263
42,27.294117647058822
42,28.625
42,28.875
42,29.72222222222222
42,30.476190476190474
42,30.666666666666668
42,31.36842105263158
42,31.894736842105264
42,32.611111111111114
42,33.875
42,34.77777777777778
42,34.94444444444444
42,36.111111111111114
42,36.7037037037037
42,37.6875
42,39.285714285714285
42,39.95238095238095
42,41.05555555555556
42,41.833333333333336
42,42.8235294117647
42,44.22222222222222
42,44.44444444444444
42,45.588235294117645
42,46.44444444444444
42,48.470588235294116
42,49.125
42.04761904761905,21
42.04761904761905,22
42.095238095238095,45
42.142857142857146,15
42.142857142857146,30
42.19047619047619,23
42.19047619047619,28
42.23809523809524,7
42.285714285714285,10
42.285714285714285,19
42.333333333333336,15
42.333333333333336,25
42.38095238095238,16
42.38095238095238,44
42.42857142857143,38
42.42857142857143,47
42.42857142857143,49
42.476190476190474,17
42.476190476190474,19
42.476190476190474,20
42.476190476190474,21
42.476190476190474,22
42.476190476190474,24
42.476190476190474,26
42.523809523809526,29
42.523809523809526,36
42.523809523809526,39
42.57142857142857,18
42.57142857142857,23
42.57142857142857,31
42.61904761904762,28
42.61904761904762,30
42.61904761904762,34
42.61904761904762,46
42.666666666666664,35
42.714285714285715,32
42.714285714285715,39
42.714285714285715,43
42.76190476190476,41
42.76190476190476,42
42.76190476190476,48
42.76190476190476,49
42.80952380952381,44
42.857142857142854,7
42.857142857142854,10
42.857142857142854,37
42.857142857142854,45
42.857142857142854,47
42.904761904761905,14
42.904761904761905,27
42.904761904761905,43
42.95238095238095,15
43,10.6875
43,12.380952380952381
43,13.529411764705882
43,14.421052631578947
43,15.31578947368421
43,15.68421052631579
43,16.5
43,16.72222222222222
43,16.88888888888889
43,17.58823529411765
43,17.88235294117647
43,18.6875
43,18.9375
43,19.625
43,20.19047619047619
43,20.666666666666668
43,20.80952380952381
43.0,21
43,21.352941176470587
43,21.58823529411765
43,22.3125
43,23.05263157894737
43,24.333333333333332
43,25.25
43,26.526315789473685
43,27.352941176470587
43,28.5
43,28.9375
43,29.72222222222222
43,30.61904761904762
43,31.94736842105263
43,32.611111111111114
43.0,33
43,33.3125
43,34.77777777777778
43,35.5
43,36.407407407407405
43,36.77777777777778
43,37.4375
43,38.375
43,39.04761904761905
43.0,40
43,40.473684210526315
43,41.72222222222222
43,42.76470588235294
43,43.529411764705884
43,43.94117647058823
43,44.888888888888886
43,46.05555555555556
43,46.833333333333336
43,49.0625
43.05263157894737,20
43.05263157894737,22
43.05263157894737,35
43.10526315789474,16
43.10526315789474,24
43.10526315789474,25
43.1578947368421,26
43.1578947368421,30
43.21052631578947,31
43.21052631578947,38
43.26315789473684,39
43.26315789473684,44
43.26315789473684,46
43.31578947368421,26
43.31578947368421,28
43.31578947368421,34
43.31578947368421,36
43.36842105263158,45
43.421052631578945,42
43.421052631578945,47
43.526315789473685,35
43.526315789473685,43
43.578947368421055,11
43.578947368421055,44
43.63157894736842,29
43.78947368421053,8
43.78947368421053,17
43.78947368421053,23
43.78947368421053,45
43.8421052631579,7
43.8421052631579,21
43.8421052631579,22
43.89473684210526,11
43.89473684210526,15
43.89473684210526,41
43.89473684210526,48
43.94736842105263,12
43.94736842105263,13
43.94736842105263,14
43.94736842105263,49
44,6.294117647058823
44,7.25
44,8.647058823529411
44,10.8125
44,11.285714285714286
44,11.714285714285714
44,12.428571428571429
44,13.411764705882353
44,13.764705882352942
44,14.157894736842104
44,14.631578947368421
44,15.789473684210526
44.0,16
44,16.38888888888889
44,16.61111111111111
44,17.705882352941178
44,18.6875
44,20.095238095238095
44,20.857142857142858
44,22.0625
44,23.210526315789473
44,23.57894736842105
44,24.11111111111111
44,25.25
44,26.42105263157895
44,27.470588235294116
44,28.5625
44,29.666666666666668
44,30.666666666666668
44,31.526315789473685
44,31.842105263157894
44,32.611111111111114
44,33.375
44,33.9375
44,34.44444444444444
44,35.0625
44,35.9375
44,36.629629629629626
44,37.375
44,38.8125
44,39.714285714285715
44,42.529411764705884
44.0,43
44,43.94117647058823
44.0,45
44,45.8235294117647
44,47.588235294117645
44.035714285714285,18
44.035714285714285,21
44.035714285714285,32
44.07142857142857,40
44.107142857142854,19
44.107142857142854,22
44.107142857142854,27
44.142857142857146,9
44.142857142857146,23
44.142857142857146,25
44.142857142857146,26
44.142857142857146,28
44.142857142857146,29
44.142857142857146,30
44.142857142857146,31
44.17857142857143,36
44.17857142857143,37
44.17857142857143,38
44.214285714285715,17
44.214285714285715,33
44.214285714285715,35
44.214285714285715,39
44.214285714285715,43
44.25,42
44.285714285714285,34
44.285714285714285,46
44.32142857142857,47
44.357142857142854,32
44.357142857142854,45
44.392857142857146,40
44.42857142857143,44
44.464285714285715,43
44.535714285714285,10
44.57142857142857,14
44.607142857142854,17
44.607142857142854,24
44.642857142857146,15
44.642857142857146,18
44.642857142857146,28
44.714285714285715,11
44.714285714285715,19
44.75,20
44.75,21
44.75,22
44.75,35
44.785714285714285,24
44.785714285714285,26
44.82142857142857,18
44.82142857142857,25
44.82142857142857,29
44.82142857142857,30
44.857142857142854,23
44.857142857142854,31
44.857142857142854,32
44.892857142857146,33
44.892857142857146,37
44.92857142857143,34
44.92857142857143,36
44.92857142857143,40
44.964285714285715,27
44.964285714285715,39
44.964285714285715,41
45,10.8125
45,11.333333333333334
45,11.571428571428571
45,12.333333333333334
45,13.411764705882353
45,14.526315789473685
45,15.421052631578947
45,15.894736842105264
45,16.61111111111111
45,17.764705882352942
45,18.875
45,19.625
45,20.523809523809526
45.0,21
45,21.705882352941178
45,22.25
45.0,23
45,24.11111111111111
45.0,25
45,25.5625
45,26.42105263157895
45,27.294117647058822
45,28.625
45,29.61111111111111
45,30.38095238095238
45,31.31578947368421
45,31.789473684210527
45,32.611111111111114
45,32.77777777777778
45,33.75
45,34.77777777777778
45,35.8125
45,36.51851851851852
45,37.6875
45.0,38
45,38.5
45,39.57142857142857
45,40.68421052631579
45,41.611111111111114
45,42.11764705882353
45,42.470588235294116
45,42.76470588235294
45,43.8235294117647
45.0,44
45,44.333333333333336
45,44.5
45,45.64705882352941
45,46.166666666666664
45,46.77777777777778
45,47.1764705882353
45.0,49
45.05882352941177,43
45.11764705882353,46
45.11764705882353,47
45.1764705882353,19
45.1764705882353,23
45.1764705882353,42
45.23529411764706,15
45.23529411764706,16
45.23529411764706,17
45.23529411764706,21
45.35294117647059,22
45.411764705882355,21
45.411764705882355,26
45.470588235294116,25
45.470588235294116,31
45.470588235294116,33
45.470588235294116,45
45.588235294117645,20
45.588235294117645,21
45.588235294117645,24
45.588235294117645,28
45.588235294117645,34
45.588235294117645,37
45.588235294117645,38
45.64705882352941,14
45.705882352941174,15
45.705882352941174,35
45.705882352941174,40
45.76470588235294,13
45.76470588235294,16
45.76470588235294,39
45.76470588235294,46
45.76470588235294,47
45.76470588235294,48
45.76470588235294,49
45.8235294117647,19
45.8235294117647,36
45.8235294117647,43
45.8235294117647,44
45.88235294117647,23
45.88235294117647,30
45.88235294117647,41
46,8.529411764705882
46,11.666666666666666
46,12.285714285714286
46,12.857142857142858
46,13.294117647058824
46,13.823529411764707
46,14.68421052631579
46,15.421052631578947
46,16.5
46,17.647058823529413
46,18.8125
46,19.6875
46,20.238095238095237
46,20.80952380952381
46,21.88235294117647
46,22.125
46,23.210526315789473
46,23.36842105263158
46,24.555555555555557
46.0,25
46,26.263157894736842
46,27.294117647058822
46,28.8125
46,29.61111111111111
46,30.761904761904763
46,31.473684210526315
46,31.789473684210527
46.0,32
46,32.44444444444444
46,33.375
46,33.8125
46,34.55555555555556
46,35.3125
46,35.8125
46,36.629629629629626
46,37.5625
46,38.5
46.0,39
46,39.80952380952381
46,40.578947368421055
46,40.73684210526316
46,41.55555555555556
46,42.64705882352941
46,43.411764705882355
46,44.111111111111114
46,44.333333333333336
46,44.611111111111114
46,44.888888888888886
46,45.8235294117647
46.0,49
46.05263157894737,34
46.10526315789474,7
46.10526315789474,15
46.10526315789474,31
46.10526315789474,33
46.10526315789474,42
46.1578947368421,29
46.1578947368421,39
46.21052631578947,40
46.26315789473684,12
46.26315789473684,43
46.31578947368421,14
46.31578947368421,30
46.31578947368421,37
46.31578947368421,47
46.36842105263158,13
46.421052631578945,9
46.421052631578945,27
46.473684210526315,18
46.473684210526315,21
46.473684210526315,22
46.473684210526315,35
46.526315789473685,16
46.526315789473685,20
46.526315789473685,26
46.526315789473685,31
46.578947368421055,19
46.578947368421055,23
46.578947368421055,24
46.578947368421055,34
46.63157894736842,15
46.63157894736842,42
46.68421052631579,28
46.68421052631579,33
46.73684210526316,32
46.73684210526316,38
46.78947368421053,46
46.8421052631579,36
46.8421052631579,39
46.8421052631579,45
46.89473684210526,31
46.89473684210526,40
46.89473684210526,41
46.89473684210526,44
46.94736842105263,43
46.94736842105263,47
47,11.952380952380953
47,17.41176470588235
47,19.625
47,22.75
47,23.210526315789473
47,24.444444444444443
47,25.625
47,26.263157894736842
47,27.352941176470587
47,28.5625
47,29.333333333333332
47,30.61904761904762
47,31.473684210526315
47,32.77777777777778
47,33.4375
47,33.8125
47.0,34
47,34.55555555555556
47.0,36
47,36.51851851851852
47,37.25
47,38.5
47,39.57142857142857
47,40.421052631578945
47,41.388888888888886
47,41.611111111111114
47,42.529411764705884
47,43.588235294117645
47,44.666666666666664
47,45.64705882352941
47.0,46
47,46.77777777777778
47,47.76470588235294
47.0,49
47.111111111111114,15
47.111111111111114,42
47.22222222222222,48
47.388888888888886,12
47.44444444444444,13
47.5,19
47.5,20
47.5,24
47.5,32
47.5,48
47.5,49
47.55555555555556,14
47.55555555555556,17
47.55555555555556,18
47.55555555555556,22
47.55555555555556,25
47.55555555555556,37
47.611111111111114,15
47.611111111111114,16
47.611111111111114,21
47.611111111111114,23
47.611111111111114,26
47.611111111111114,28
47.611111111111114,29
47.611111111111114,30
47.666666666666664,8
47.666666666666664,27
47.666666666666664,46
47.72222222222222,35
47.72222222222222,41
47.72222222222222,45
47.77777777777778,17
47.77777777777778,33
47.77777777777778,34
47.833333333333336,31
47.833333333333336,38
47.833333333333336,39
47.888888888888886,36
47.94444444444444,43
47.94444444444444,44
48,11.333333333333334
48,12.571428571428571
48,13.235294117647058
48,13.764705882352942
48,14.105263157894736
48,15.210526315789474
48,15.631578947368421
48,16.5
48,17.235294117647058
48,17.764705882352942
48,18.1875
48,18.5625
48,19.9375
48,20.80952380952381
48,21.11764705882353
48,22.75
48,24.055555555555557
48,25.0625
48,26.263157894736842
48,27.235294117647058
48,28.375
48,29.444444444444443
48,30.476190476190474
48,31.36842105263158
48,32.55555555555556
48,33.5625
48,34.44444444444444
48,35.0625
48,36.44444444444444
48,37.375
48,38.5625
48,39.904761904761905
48,40.26315789473684
48,41.55555555555556
48,44.77777777777778
48,45.64705882352941
48,45.88235294117647
48,46.77777777777778
48.0,47
48,48.94117647058823
48.111111111111114,18
48.111111111111114,42
48.22222222222222,25
48.22222222222222,48
48.388888888888886,27
48.388888888888886,36
48.388888888888886,42
48.388888888888886,45
48.44444444444444,23
48.44444444444444,40
48.5,10
48.5,13
48.5,24
48.5,41
48.55555555555556,15
48.55555555555556,28
48.611111111111114,14
48.611111111111114,16
48.611111111111114,17
48.611111111111114,20
48.611111111111114,33
48.666666666666664,19
48.666666666666664,21
48.666666666666664,32
48.72222222222222,18
48.72222222222222,26
48.77777777777778,29
48.77777777777778,37
48.833333333333336,22
48.833333333333336,34
48.833333333333336,36
48.833333333333336,39
48.888888888888886,43
49,9.277777777777779
49,10.375
49,12.19047619047619
49,12.476190476190476
49,13.411764705882353
49,14.263157894736842
49,15.736842105263158
49,16.444444444444443
49,17.705882352941178
49,18.8125
49,19.5
49,20.19047619047619
49,20.761904761904763
49,21.88235294117647
49,22.9375
49,24.11111111111111
49,26.210526315789473
49,27.11764705882353
49,28.25
49,29.666666666666668
49,30.238095238095237
49.0,31
49,32.166666666666664
49,33.4375
49,34.888888888888886
49,35.0625
49,35.3125
49,36.48148148148148
49,37.4375
49,38.3125
49,39.476190476190474
49,40.421052631578945
49,41.44444444444444
49,42.470588235294116
49,43.64705882352941
49,44.44444444444444
49,44.77777777777778
49,45.470588235294116
49,48.88235294117647
49.05882352941177,25
49.11764705882353,44
49.11764705882353,47
49.1764705882353,19
49.1764705882353,48
49.23529411764706,17
49.23529411764706,18
49.23529411764706,38
49.294117647058826,15
49.294117647058826,16
49.294117647058826,30
49.294117647058826,35
49.35294117647059,20
49.411764705882355,13
49.411764705882355,21
49.411764705882355,26
49.411764705882355,27
49.411764705882355,32
49.411764705882355,42
49.411764705882355,44
49.411764705882355,45
49.470588235294116,25
49.470588235294116,29
49.470588235294116,41
49.529411764705884,33
49.529411764705884,34
49.588235294117645,19
49.588235294117645,31
49.64705882352941,22
49.64705882352941,28
49.64705882352941,36
49.64705882352941,39
49.64705882352941,45
49.705882352941174,23
49.705882352941174,24
49.705882352941174,37
49.8235294117647,13
49.8235294117647,42
49.88235294117647,16
49.88235294117647,46
49.88235294117647,47
49.94117647058823,48
50,12.523809523809524
50,12.666666666666666
50,13.235294117647058
50,13.647058823529411
50,14.68421052631579
50,15.631578947368421
50,16.22222222222222
50,16.5
50,17.529411764705884
50,18.375
50,18.8125
50,19.5625
50,20.047619047619047
50,20.857142857142858
50,21.823529411764707
50.0,23
50.0,24
50,25.125
50,26.210526315789473
50,27.176470588235293
50.0,28
50,28.5625
50,29.944444444444443
50,31.31578947368421
50,31.94736842105263
50,32.166666666666664
50,32.611111111111114
50,33.4375
50,34.888888888888886
50,35.75
50,36.44444444444444
50,37.375
50,38.4375
50,39.714285714285715
50,40.10526315789474
50,41.388888888888886
50,42.294117647058826
50,42.470588235294116
50,42.8235294117647
50.0,43
50,43.294117647058826
50,43.588235294117645
50,44.55555555555556
50,45.23529411764706
50,48.88235294117647
50.1,36
50.15,18
50.15,30
50.2,12
50.2,42
50.3,13
50.3,23
50.3,24
50.35,11
50.35,17
50.4,28
50.45,14
50.45,16
50.45,23
50.45,24
50.45,29
50.45,40
50.5,20
50.5,21
50.5,25
50.5,26
50.5,35
50.55,12
50.55,15
50.55,22
50.55,27
50.6,19
50.6,34
50.6,37
50.65,17
50.65,31
50.65,32
50.65,33
50.65,36
50.65,44
50.65,47
50.7,38
50.7,39
50.7,45
50.75,28
50.75,41
50.8,42
50.8,46
50.85,43
50.85,48
51,17.235294117647058
51,20.952380952380953
51,21.705882352941178
51,24.833333333333332
51,26.36842105263158
51,27.294117647058822
51,31.263157894736842
51,34.388888888888886
51,36.629629629629626
51,37.3125
51,38.4375
51,40.526315789473685
51,41.611111111111114
51,45.35294117647059
51,46.333333333333336
51,46.94444444444444
51,48.88235294117647
51.25,17
51.3125,12
51.375,9
51.4375,13
51.4375,31
51.5,14
51.5,16
51.5,21
51.5,34
51.5625,22
51.5625,23
51.5625,25
51.5625,26
51.5625,33
51.625,20
51.625,24
51.625,27
51.625,28
51.625,32
51.6875,15
51.75,36
51.75,37
51.75,39
51.8125,35
51.8125,40
51.875,41
51.875,43
51.9375,44
52,10.3125
52,11.571428571428571
52,12.19047619047619
52,13.352941176470589
52,14.263157894736842
52,14.68421052631579
52,15.157894736842104
52,15.68421052631579
52,16.11111111111111
52,16.61111111111111
52.0,18
52,18.5625
52.0,19
52,19.6875
52,21.41176470588235
52,23.05263157894737
52,23.94736842105263
52,24.944444444444443
52,26.157894736842106
52,27.176470588235293
52,29.055555555555557
52,30.38095238095238
52,31.263157894736842
52,32.27777777777778
52,33.0625
52,33.625
52,34.55555555555556
52,34.833333333333336
52,35.8125
52,36.333333333333336
52,37.125
52,38.3125
52,39.57142857142857
52,40.26315789473684
52,41.27777777777778
52,42.35294117647059
52,43.470588235294116
52,44.333333333333336
52,44.611111111111114
52,44.77777777777778
52,45.35294117647059
52,45.588235294117645
52,45.88235294117647
52,46.55555555555556
52,48.88235294117647
52.05882352941177,45
52.05882352941177,47
52.11764705882353,48
52.23529411764706,14
52.294117647058826,12
52.294117647058826,13
52.294117647058826,17
52.294117647058826,38
52.35294117647059,30
52.411764705882355,20
52.411764705882355,29
52.411764705882355,31
52.470588235294116,15
52.470588235294116,16
52.470588235294116,39
52.529411764705884,10
52.529411764705884,21
52.529411764705884,42
52.588235294117645,9
52.588235294117645,24
52.588235294117645,25
52.588235294117645,26
52.64705882352941,13
52.64705882352941,14
52.64705882352941,28
52.64705882352941,32
52.64705882352941,34
52.705882352941174,12
52.705882352941174,27
52.705882352941174,35
52.705882352941174,48
52.76470588235294,16
52.76470588235294,36
52.76470588235294,37
52.8235294117647,40
52.8235294117647,43
52.88235294117647,15
52.88235294117647,17
52.88235294117647,45
53,12.285714285714286
53,12.761904761904763
53,13.235294117647058
53,14.052631578947368
53,14.473684210526315
53,15.631578947368421
53,16.444444444444443
53,17.529411764705884
53,18.5625
53,19.75
53,20.666666666666668
53,21.823529411764707
53,23.157894736842106
53,24.11111111111111
53,24.944444444444443
53,26.42105263157895
53,26.736842105263158
53,28.25
53,29.72222222222222
53,31.105263157894736
53,31.68421052631579
53,32.611111111111114
53,32.94444444444444
53,34.5
53,35.5
53,36.370370370370374
53,37.125
53,38.375
53,39.333333333333336
53,40.73684210526316
53,41.05555555555556
53,42.470588235294116
53,43.529411764705884
53,44.333333333333336
53,45.23529411764706
53,46.666666666666664
53,48.8235294117647
53.166666666666664,11
53.166666666666664,12
53.166666666666664,22
53.166666666666664,47
53.166666666666664,48
53.27777777777778,13
53.27777777777778,23
53.27777777777778,33
53.333333333333336,44
53.44444444444444,15
53.44444444444444,17
53.44444444444444,21
53.44444444444444,27
53.5,10
53.5,18
53.5,24
53.5,30
53.5,31
53.5,39
53.55555555555556,14
53.55555555555556,19
53.55555555555556,41
53.611111111111114,9
53.611111111111114,25
53.611111111111114,26
53.611111111111114,29
53.666666666666664,10
53.666666666666664,13
53.666666666666664,20
53.72222222222222,36
53.72222222222222,37
53.72222222222222,44
53.77777777777778,28
53.833333333333336,24
53.833333333333336,32
53.833333333333336,35
53.833333333333336,42
53.888888888888886,38
53.888888888888886,43
53.94444444444444,34
53.94444444444444,45
53.94444444444444,46
54,11.523809523809524
54,12.476190476190476
54,13.352941176470589
54,14.210526315789474
54,15.31578947368421
54,16.055555555555557
54,16.555555555555557
54,18.5
54,19.6875
54,20.666666666666668
54,22.5625
54,22.8125
54,23.473684210526315
54,24.944444444444443
54,26.105263157894736
54,27.058823529411764
54,28.1875
54,29.166666666666668
54,29.833333333333332
54,30.38095238095238
54,31.42105263157895
54,31.68421052631579
54,31.842105263157894
54,33.3125
54,34.27777777777778
54,35.4375
54,36.370370370370374
54,37.0625
54,38.4375
54,39.42857142857143
54,40.73684210526316
54,42.11764705882353
54,44.388888888888886
54,45.470588235294116
54,46.27777777777778
54,46.666666666666664
54,48.8235294117647
54.05263157894737,23
54.1578947368421,40
54.26315789473684,21
54.26315789473684,28
54.31578947368421,14
54.31578947368421,17
54.31578947368421,19
54.36842105263158,10
54.36842105263158,27
54.421052631578945,16
54.421052631578945,20
54.421052631578945,24
54.421052631578945,30
54.421052631578945,32
54.473684210526315,22
54.526315789473685,15
54.526315789473685,18
54.526315789473685,26
54.578947368421055,25
54.578947368421055,33
54.63157894736842,29
54.63157894736842,30
54.63157894736842,31
54.63157894736842,36
54.68421052631579,35
54.68421052631579,37
54.68421052631579,47
54.68421052631579,48
54.73684210526316,34
54.73684210526316,38
54.73684210526316,39
54.78947368421053,42
54.78947368421053,46
54.8421052631579,21
54.89473684210526,44
55,13.647058823529411
55,14.052631578947368
55,14.68421052631579
55,15.263157894736842
55,16.555555555555557
55,18.5625
55.0,19
55,19.375
55,20.80952380952381
55,21.352941176470587
55,22.875
55,25.9375
55,26.210526315789473
55,28.125
55,28.3125
55,29.38888888888889
55,30.19047619047619
55,31.63157894736842
55,33.0625
55,34.333333333333336
55.0,35
55,35.5625
55,36.333333333333336
55,37.0625
55,39.142857142857146
55,39.57142857142857
55,39.904761904761905
55,40.526315789473685
55,40.89473684210526
55,41.833333333333336
55,42.705882352941174
55.0,43
55,43.23529411764706
55,44.5
55,45.11764705882353
55,45.529411764705884
55,46.388888888888886
55,46.666666666666664
55,48.8235294117647
55.10526315789474,17
55.21052631578947,10
55.21052631578947,20
55.21052631578947,49
55.36842105263158,16
55.421052631578945,18
55.421052631578945,24
55.421052631578945,27
55.421052631578945,29
55.421052631578945,32
55.473684210526315,13
55.473684210526315,17
55.473684210526315,25
55.473684210526315,26
55.473684210526315,28
55.526315789473685,31
55.526315789473685,35
55.526315789473685,41
55.578947368421055,23
55.578947368421055,27
55.578947368421055,33
55.578947368421055,34
55.578947368421055,37
55.63157894736842,28
55.63157894736842,32
55.63157894736842,38
55.63157894736842,42
55.68421052631579,15
55.68421052631579,19
55.68421052631579,21
55.68421052631579,22
55.68421052631579,24
55.68421052631579,30
55.68421052631579,39
55.68421052631579,40
55.73684210526316,36
55.73684210526316,44
55.73684210526316,48
55.78947368421053,45
55.78947368421053,46
55.8421052631579,30
55.8421052631579,47
55.94736842105263,43
56,14.263157894736842
56,15.578947368421053
56,16.944444444444443
56,17.647058823529413
56,18.6875
56.0,19
56,19.375
56,21.470588235294116
56.0,23
56,23.789473684210527
56,24.166666666666668
56,24.833333333333332
56,26.157894736842106
56,26.68421052631579
56,27.176470588235293
56,27.764705882352942
56,28.5
56,29.27777777777778
56,29.944444444444443
56,30.523809523809526
56,31.157894736842106
56,32.05555555555556
56,33.125
56,35.5
56,36.22222222222222
56,36.51851851851852
56,37.0625
56.0,38
56,38.5625
56,39.19047619047619
56,40.05263157894737
56,40.8421052631579
56,41.22222222222222
56,42.11764705882353
56,43.1764705882353
56,44.111111111111114
56,46.44444444444444
56,46.611111111111114
56,47.23529411764706
56,47.705882352941174
56.0,49
56.11764705882353,13
56.1764705882353,17
56.1764705882353,22
56.23529411764706,15
56.23529411764706,23
56.294117647058826,21
56.294117647058826,24
56.35294117647059,28
56.35294117647059,34
56.411764705882355,16
56.411764705882355,27
56.411764705882355,29
56.411764705882355,35
56.411764705882355,39
56.411764705882355,44
56.529411764705884,15
56.529411764705884,25
56.529411764705884,30
56.588235294117645,26
56.588235294117645,31
56.588235294117645,32
56.588235294117645,37
56.588235294117645,38
56.588235294117645,40
56.64705882352941,22
56.64705882352941,36
56.705882352941174,17
56.705882352941174,19
56.705882352941174,33
56.705882352941174,42
56.76470588235294,20
56.76470588235294,23
56.76470588235294,28
56.76470588235294,41
56.76470588235294,43
56.8235294117647,46
56.88235294117647,29
56.88235294117647,34
56.88235294117647,45
57,11.285714285714286
57,14.157894736842104
57,15.157894736842104
57,18.5
57,19.6875
57,20.428571428571427
57,20.904761904761905
57,21.235294117647058
57,21.941176470588236
57,22.75
57,23.789473684210527
57,24.833333333333332
57.0,26
57,27.352941176470587
57,27.764705882352942
57,29.166666666666668
57,30.142857142857142
57,31.105263157894736
57,31.842105263157894
57,32.888888888888886
57,36.77777777777778
57.0,37
57,39.23809523809524
57,40.1578947368421
57,40.94736842105263
57,41.94444444444444
57,42.470588235294116
57,43.294117647058826
57,44.44444444444444
57,44.77777777777778
57,45.411764705882355
57,45.588235294117645
57,46.27777777777778
57,46.666666666666664
57,47.411764705882355
57.0,49
57.125,22
57.166666666666664,47
57.166666666666664,48
57.208333333333336,30
57.25,9
57.291666666666664,7
57.291666666666664,8
57.291666666666664,11
57.291666666666664,12
57.291666666666664,14
57.333333333333336,6
57.333333333333336,10
57.333333333333336,13
57.333333333333336,20
57.333333333333336,41
57.375,5
57.375,15
57.375,37
57.416666666666664,24
57.458333333333336,21
57.5,42
57.5,46
57.541666666666664,23
57.541666666666664,29
57.583333333333336,19
57.583333333333336,34
57.583333333333336,49
57.625,16
57.625,44
57.625,46
57.708333333333336,45
57.791666666666664,26
57.791666666666664,44
57.833333333333336,13
57.833333333333336,18
57.833333333333336,24
57.833333333333336,25
57.833333333333336,27
57.833333333333336,28
57.833333333333336,31
57.833333333333336,33
57.875,17
57.875,32
57.916666666666664,34
57.916666666666664,35
57.916666666666664,36
57.916666666666664,37
57.916666666666664,38
57.916666666666664,39
57.916666666666664,40
57.958333333333336,22
57.958333333333336,23
57.958333333333336,43
57.958333333333336,46
58,6.117647058823529
58,6.529411764705882
58,9.11111111111111
58,12.19047619047619
58,13.235294117647058
58,13.411764705882353
58.0,14
58,14.68421052631579
58,16.055555555555557
58.0,19
58,20.19047619047619
58,21.176470588235293
58,28.8125
58,30.476190476190474
58,40.73684210526316
58,42.470588235294116
58,44.44444444444444
58,46.333333333333336
58,46.72222222222222
58,47.76470588235294
58,48.23529411764706
