seq,pixel_x,pixel_y,grid_col,grid_row,crossing_type
0,335.9,848.9,4.940,13.875,row
1,338.7,792.7,5.000,12.888,row
2,338.0,737.0,4.998,11.905,row
3,337.8,681.4,5.006,10.919,row
4,337.7,622.8,5.014,9.871,row
5,343.4,580.2,5.122,9.122,col
6,359.1,566.3,5.397,8.883,row
7,363.3,510.8,5.482,7.891,row
8,389.8,452.7,5.957,6.874,row
9,392.2,397.4,6.010,5.895,row
10,399.6,349.8,6.150,5.053,col
11,455.6,344.3,7.136,4.988,col
12,509.8,342.2,8.090,4.981,col
13,567.4,340.1,9.093,4.977,col
14,627.9,337.5,10.138,4.966,col
15,682.8,333.1,11.092,4.918,col
16,742.7,335.0,12.138,4.985,col
17,800.6,338.4,13.145,5.078,col
18,858.1,339.5,14.148,5.130,col
19,914.4,351.3,15.124,5.368,col
20,972.0,355.2,16.136,5.467,col
21,1029.4,360.0,17.141,5.580,col
22,1085.3,367.6,18.119,5.741,col
23,1142.6,372.1,19.116,5.846,col
24,1201.6,374.6,20.146,5.918,col
25,1259.7,378.5,21.133,6.011,col
26,1308.2,384.5,21.971,6.140,row
27,1315.8,385.5,22.103,6.160,col
28,1373.2,390.7,23.107,6.278,col
29,1429.9,396.0,24.091,6.395,col
30,1490.5,402.1,25.147,6.530,col
31,1547.3,408.1,26.147,6.659,col
32,1603.9,416.2,27.139,6.825,col
33,1660.3,423.6,28.116,6.980,col
34,1718.4,427.4,29.139,7.070,col
35,1748.5,430.9,29.669,7.143,row
36,1775.6,433.1,30.143,7.193,col
37,1833.5,438.3,31.148,7.306,col
38,1889.9,444.2,32.146,7.430,col
39,1946.8,449.3,33.146,7.540,col
40,1999.7,454.3,34.084,7.648,col
41,2057.3,460.1,35.089,7.770,col
42,2115.2,465.5,36.101,7.884,col
43,2172.5,471.2,37.108,8.003,col
44,2229.0,474.8,38.096,8.085,col
45,2247.6,477.8,38.424,8.143,row
46,2285.8,481.3,39.097,8.215,col
47,2345.8,485.8,40.146,8.311,col
48,2402.2,493.5,41.143,8.462,col
49,2458.9,499.9,42.142,8.590,col
50,2512.4,505.7,43.084,8.706,col
51,2572.4,514.3,44.145,8.873,col
52,2628.0,518.8,45.130,8.966,col
53,2682.1,522.7,46.094,9.049,col
54,2716.1,527.7,46.703,9.145,row
55,2739.1,530.2,47.115,9.195,col
56,2796.3,536.9,48.137,9.328,col
57,2850.0,542.6,49.087,9.440,col
58,2906.7,550.6,50.099,9.596,col
59,2962.5,560.9,51.092,9.791,col
60,3020.6,575.3,52.116,10.058,col
61,3035.0,579.2,52.375,10.130,row
62,3076.6,594.6,53.121,10.411,col
63,3134.1,618.7,54.143,10.846,col
64,3170.9,635.1,54.795,11.143,row
65,3189.9,645.9,55.131,11.340,col
66,3246.5,680.0,56.123,11.962,col
67,3261.7,689.0,56.390,12.125,row
68,3303.5,719.3,57.127,12.675,col
69,3335.3,745.2,57.684,13.144,row
70,3360.4,767.2,58.123,13.541,col
71,3396.3,800.5,58.744,14.140,row
72,3418.9,824.5,59.135,14.571,col
73,3444.8,856.4,59.591,15.143,row
74,3474.9,891.9,60.120,15.781,col
75,3487.8,909.7,60.343,16.100,row
76,3524.4,968.0,60.972,17.139,row
77,3533.4,983.4,61.127,17.414,col
78,3578.7,1022.1,61.925,18.111,row
79,3583.9,1077.0,61.986,19.088,row
80,3592.9,1108.7,62.129,19.652,col
81,3603.7,1136.2,62.306,20.143,row
82,3640.6,1191.5,62.936,21.135,row
83,3644.4,1248.0,62.970,22.142,row
84,3649.1,1303.2,63.018,23.127,row
85,3654.0,1359.1,63.071,24.124,row
86,3658.2,1413.2,63.111,25.086,row
87,3657.4,1471.3,63.060,26.124,row
88,3655.8,1528.9,62.992,27.146,row
89,3648.4,1583.6,62.823,28.114,row
90,3638.7,1639.6,62.611,29.104,row
91,3623.6,1697.4,62.301,30.125,row
92,3604.8,1753.4,61.926,31.118,row
93,3601.0,1763.7,61.850,31.299,col
94,3580.1,1810.8,61.441,32.128,row
95,3596.9,1867.7,61.707,33.148,row
96,3558.7,1925.4,60.980,34.150,row
97,3551.9,1935.3,60.850,34.321,col
98,3520.2,1981.5,60.243,35.122,row
99,3499.8,2011.2,59.853,35.636,col
100,3479.4,2040.9,59.463,36.150,row
101,3452.1,2027.8,58.977,35.903,row
102,3445.0,2018.3,58.855,35.730,col
103,3421.1,2040.7,58.413,36.113,row
104,3391.9,2070.2,57.869,36.616,col
105,3359.4,2101.0,57.264,37.137,row
106,3337.7,2121.3,56.860,37.479,col
107,3283.2,2158.8,55.854,38.103,col
108,3229.8,2193.4,54.872,38.680,col
109,3178.1,2221.0,53.920,39.134,row
110,3120.6,2245.9,52.876,39.536,col
111,3065.0,2265.4,51.870,39.844,col
112,3011.6,2280.1,50.906,40.070,col
113,2993.9,2284.9,50.586,40.144,row
114,2953.1,2292.8,49.853,40.259,col
115,2900.1,2300.2,48.901,40.357,col
116,2843.0,2312.6,47.885,40.541,col
117,2789.0,2323.4,46.915,40.699,col
118,2732.2,2333.3,45.897,40.840,col
119,2674.0,2340.5,44.866,40.931,col
120,2620.1,2349.0,43.913,41.050,col
121,2586.9,2355.8,43.325,41.149,row
122,2561.2,2361.6,42.872,41.235,col
123,2505.3,2371.5,41.885,41.376,col
124,2449.0,2380.6,40.900,41.502,col
125,2389.1,2359.2,39.851,41.096,col
126,2342.2,2348.6,39.034,40.884,row
127,2332.9,2338.7,38.877,40.706,col
128,2275.5,2342.0,37.872,40.732,col
129,2220.2,2350.9,36.910,40.856,col
130,2160.9,2360.4,35.876,40.988,col
131,2105.5,2369.2,34.917,41.111,col
132,2089.7,2371.8,34.646,41.146,row
133,2046.3,2378.7,33.899,41.243,col
134,1987.0,2388.2,32.868,41.374,col
135,1931.6,2397.1,31.914,41.497,col
136,1872.4,2406.6,30.885,41.628,col
137,1813.1,2416.1,29.863,41.760,col
138,1757.8,2425.0,28.908,41.882,col
139,1698.5,2434.5,27.883,42.013,col
140,1639.2,2444.0,26.867,42.145,col
141,1583.2,2490.4,25.872,42.916,col
142,1524.5,2496.5,24.859,42.990,col
143,1477.8,2505.8,24.051,43.123,row
144,1468.2,2539.5,23.866,43.696,col
145,1412.1,2552.0,22.901,43.880,col
146,1351.4,2559.9,21.867,43.982,col
147,1295.0,2567.8,20.900,44.085,col
148,1269.0,2572.3,20.453,44.147,row
149,1235.0,2577.0,19.868,44.207,col
150,1178.4,2585.4,18.903,44.319,col
151,1118.3,2594.6,17.871,44.440,col
152,1060.0,2623.5,16.870,44.898,col
153,1000.9,2629.6,15.863,44.968,col
154,942.0,2631.0,14.863,44.958,col
155,885.7,2631.4,13.912,44.932,col
156,825.1,2639.3,12.885,45.031,col
157,777.1,2647.6,12.065,45.144,row
158,766.0,2649.3,11.876,45.167,col
159,706.9,2659.5,10.879,45.305,col
160,646.9,2668.8,9.866,45.429,col
161,588.1,2680.0,8.873,45.585,col
162,530.4,2688.8,7.900,45.701,col
163,470.3,2705.0,6.880,45.940,col
164,416.2,2643.4,5.979,44.870,row
165,414.9,2584.3,5.967,43.879,row
166,414.8,2525.1,5.976,42.871,row
167,414.8,2466.4,5.987,41.875,row
168,415.0,2406.6,6.001,40.857,row
169,414.0,2350.9,5.994,39.917,row
170,413.8,2291.0,6.002,38.895,row
171,412.4,2231.5,5.988,37.887,row
172,403.7,2183.4,5.850,37.065,col
173,393.9,2172.9,5.685,36.882,row
174,404.7,2113.4,5.880,35.867,row
175,419.0,2063.7,6.132,35.019,col
